{
  "type": "FeatureCollection",
  "features": [
    {
      "type": "Feature",
      "geometry": {
        "type": "Point",
        "coordinates": [
          7.641754120807268,
          61.051396798768565
        ]
      },
      "properties": {
        "name": "STUVANE",
        "eier": "OKKEN KRAFT AS",
        "spenning_kV": "",
        "id": 77864
      }
    },
    {
      "type": "Feature",
      "geometry": {
        "type": "Point",
        "coordinates": [
          5.678047974935139,
          61.61478900009421
        ]
      },
      "properties": {
        "name": "SAGEFOSSEN",
        "eier": "LINJA AS",
        "spenning_kV": "",
        "id": 80632
      }
    },
    {
      "type": "Feature",
      "geometry": {
        "type": "Point",
        "coordinates": [
          23.623914583169732,
          70.40227500012942
        ]
      },
      "properties": {
        "name": "NEDRE PORSA",
        "eier": "PORSA KRAFTLAG AS",
        "spenning_kV": "",
        "id": 80076
      }
    },
    {
      "type": "Feature",
      "geometry": {
        "type": "Point",
        "coordinates": [
          9.867997816615082,
          59.8309111103599
        ]
      },
      "properties": {
        "name": "SKOTSELV-T",
        "eier": "GLITRE ENERGI NETT AS",
        "spenning_kV": "",
        "id": 80106
      }
    },
    {
      "type": "Feature",
      "geometry": {
        "type": "Point",
        "coordinates": [
          10.623583761282186,
          61.068104521529854
        ]
      },
      "properties": {
        "name": "LISMARKA TRSF.ST.",
        "eier": "ELVIA AS",
        "spenning_kV": "",
        "id": ""
      }
    },
    {
      "type": "Feature",
      "geometry": {
        "type": "Point",
        "coordinates": [
          23.118199752451005,
          72.92817400306706
        ]
      },
      "properties": {
        "name": "GOLIAT",
        "eier": "VÅR ENERGI AS",
        "spenning_kV": "",
        "id": 77307
      }
    },
    {
      "type": "Feature",
      "geometry": {
        "type": "Point",
        "coordinates": [
          10.439025645940664,
          61.21957237061811
        ]
      },
      "properties": {
        "name": "HUNDERFOSSEN KR.VERK",
        "eier": "ELVIA AS",
        "spenning_kV": "",
        "id": ""
      }
    },
    {
      "type": "Feature",
      "geometry": {
        "type": "Point",
        "coordinates": [
          13.552001062617942,
          68.13286808903962
        ]
      },
      "properties": {
        "name": "BI HAUGKRYSSET",
        "eier": "LOFOTKRAFT AS",
        "spenning_kV": "",
        "id": ""
      }
    },
    {
      "type": "Feature",
      "geometry": {
        "type": "Point",
        "coordinates": [
          5.854105047322223,
          61.45796862298849
        ]
      },
      "properties": {
        "name": "FØRDE",
        "eier": "SUNNFJORD ENERGI AS",
        "spenning_kV": "",
        "id": ""
      }
    },
    {
      "type": "Feature",
      "geometry": {
        "type": "Point",
        "coordinates": [
          16.746874001203526,
          68.497441007647
        ]
      },
      "properties": {
        "name": "EVENES T-AVGRENING",
        "eier": "HÅLOGALAND KRAFT NETT AS",
        "spenning_kV": "",
        "id": 77430
      }
    },
    {
      "type": "Feature",
      "geometry": {
        "type": "Point",
        "coordinates": [
          16.253580784872504,
          68.7582862372026
        ]
      },
      "properties": {
        "name": "GÅRE TRANSFORMATORSTASJON",
        "eier": "HÅLOGALAND KRAFT NETT AS",
        "spenning_kV": "",
        "id": ""
      }
    },
    {
      "type": "Feature",
      "geometry": {
        "type": "Point",
        "coordinates": [
          5.720407118355388,
          61.51846948144508
        ]
      },
      "properties": {
        "name": "NAUSTDAL",
        "eier": "SUNNFJORD ENERGI AS",
        "spenning_kV": "",
        "id": ""
      }
    },
    {
      "type": "Feature",
      "geometry": {
        "type": "Point",
        "coordinates": [
          7.4457959503713385,
          62.21291394798819
        ]
      },
      "properties": {
        "name": "T_TAFJORD",
        "eier": "TAFJORD KRAFTPRODUKSJON AS",
        "spenning_kV": "",
        "id": 77753
      }
    },
    {
      "type": "Feature",
      "geometry": {
        "type": "Point",
        "coordinates": [
          13.860141813985853,
          68.28985885646635
        ]
      },
      "properties": {
        "name": "BG SJURBAKKEN",
        "eier": "LOFOTKRAFT AS",
        "spenning_kV": "",
        "id": ""
      }
    },
    {
      "type": "Feature",
      "geometry": {
        "type": "Point",
        "coordinates": [
          11.550391415127981,
          60.40815794968401
        ]
      },
      "properties": {
        "name": "NORD-ODAL TRST",
        "eier": "ELVIA AS",
        "spenning_kV": "",
        "id": ""
      }
    },
    {
      "type": "Feature",
      "geometry": {
        "type": "Point",
        "coordinates": [
          16.521854000927807,
          68.79560400709292
        ]
      },
      "properties": {
        "name": "NYE HEGGEN TRANSFORMATORSTASJON",
        "eier": "HÅLOGALAND KRAFT NETT AS",
        "spenning_kV": "",
        "id": 79756
      }
    },
    {
      "type": "Feature",
      "geometry": {
        "type": "Point",
        "coordinates": [
          13.070702056230308,
          67.93907937399793
        ]
      },
      "properties": {
        "name": "CC BOLLHAUGEN",
        "eier": "LOFOTKRAFT AS",
        "spenning_kV": "",
        "id": ""
      }
    },
    {
      "type": "Feature",
      "geometry": {
        "type": "Point",
        "coordinates": [
          16.598308000134733,
          68.62890500685154
        ]
      },
      "properties": {
        "name": "KVITNES",
        "eier": "HÅLOGALAND KRAFT NETT AS",
        "spenning_kV": "",
        "id": 80546
      }
    },
    {
      "type": "Feature",
      "geometry": {
        "type": "Point",
        "coordinates": [
          10.938584829608173,
          59.07572944165023
        ]
      },
      "properties": {
        "name": "S1H RØD SEKUNDÆRSTASJON",
        "eier": "NORGESNETT AS",
        "spenning_kV": "",
        "id": ""
      }
    },
    {
      "type": "Feature",
      "geometry": {
        "type": "Point",
        "coordinates": [
          9.816645909163201,
          60.08311304489452
        ]
      },
      "properties": {
        "name": "RAMFOSS",
        "eier": "MIDTKRAFT STRØM AS",
        "spenning_kV": "",
        "id": 77411
      }
    },
    {
      "type": "Feature",
      "geometry": {
        "type": "Point",
        "coordinates": [
          9.617010179419896,
          59.082488709824645
        ]
      },
      "properties": {
        "name": "RØNNINGEN TRANSFORMATORSTASJON",
        "eier": "INEOS BAMBLE AS",
        "spenning_kV": "",
        "id": 80640
      }
    },
    {
      "type": "Feature",
      "geometry": {
        "type": "Point",
        "coordinates": [
          10.24766333292167,
          60.152689582079404
        ]
      },
      "properties": {
        "name": "EIKLI-T",
        "eier": "GLITRE ENERGI NETT AS",
        "spenning_kV": "",
        "id": 79765
      }
    },
    {
      "type": "Feature",
      "geometry": {
        "type": "Point",
        "coordinates": [
          10.935050506817687,
          59.22591919412094
        ]
      },
      "properties": {
        "name": "S1F OREDALEN",
        "eier": "NORGESNETT AS",
        "spenning_kV": "",
        "id": ""
      }
    },
    {
      "type": "Feature",
      "geometry": {
        "type": "Point",
        "coordinates": [
          4.84653304774936,
          60.55242269156835
        ]
      },
      "properties": {
        "name": "MARTIN LINGE",
        "eier": "EQUINOR ASA",
        "spenning_kV": "",
        "id": 77477
      }
    },
    {
      "type": "Feature",
      "geometry": {
        "type": "Point",
        "coordinates": [
          14.48102001457733,
          66.40110498555352
        ]
      },
      "properties": {
        "name": "T-AVGREINING LINJE STORFORSHEI",
        "eier": "MIP INDUSTRINETT AS",
        "spenning_kV": "",
        "id": 79757
      }
    },
    {
      "type": "Feature",
      "geometry": {
        "type": "Point",
        "coordinates": [
          14.462487248727658,
          68.32334132285762
        ]
      },
      "properties": {
        "name": "AT BLÅLYNGEN",
        "eier": "LOFOTKRAFT AS",
        "spenning_kV": "",
        "id": ""
      }
    },
    {
      "type": "Feature",
      "geometry": {
        "type": "Point",
        "coordinates": [
          9.491716224914047,
          56.61931442354383
        ]
      },
      "properties": {
        "name": "TJELE",
        "eier": "SYSTEMANSVARLIG",
        "spenning_kV": "",
        "id": 74834
      }
    },
    {
      "type": "Feature",
      "geometry": {
        "type": "Point",
        "coordinates": [
          10.378906192690202,
          60.22049971846629
        ]
      },
      "properties": {
        "name": "ASLAKSRUD-T",
        "eier": "GLITRE ENERGI NETT AS",
        "spenning_kV": "",
        "id": 80498
      }
    },
    {
      "type": "Feature",
      "geometry": {
        "type": "Point",
        "coordinates": [
          16.51971812666874,
          68.49648751776976
        ]
      },
      "properties": {
        "name": "RAMSUND TRANSFORMATORSTASJON",
        "eier": "HÅLOGALAND KRAFT NETT AS",
        "spenning_kV": "",
        "id": ""
      }
    },
    {
      "type": "Feature",
      "geometry": {
        "type": "Point",
        "coordinates": [
          10.95471291512455,
          60.87852784514019
        ]
      },
      "properties": {
        "name": "BRUMMUNDDAL TRST",
        "eier": "ELVIA AS",
        "spenning_kV": "",
        "id": ""
      }
    },
    {
      "type": "Feature",
      "geometry": {
        "type": "Point",
        "coordinates": [
          27.657489343454777,
          70.88342864329418
        ]
      },
      "properties": {
        "name": "M584",
        "eier": "NORDKYN KRAFTLAG SA",
        "spenning_kV": "",
        "id": 83561
      }
    },
    {
      "type": "Feature",
      "geometry": {
        "type": "Point",
        "coordinates": [
          11.401460457063072,
          59.12486442980746
        ]
      },
      "properties": {
        "name": "FYRHUS",
        "eier": "NORSKE SKOG SAUGBRUGS AS",
        "spenning_kV": "",
        "id": 77453
      }
    },
    {
      "type": "Feature",
      "geometry": {
        "type": "Point",
        "coordinates": [
          10.297360265073001,
          59.83130562833439
        ]
      },
      "properties": {
        "name": "TRANBY-T",
        "eier": "GLITRE ENERGI NETT AS",
        "spenning_kV": "",
        "id": 80511
      }
    },
    {
      "type": "Feature",
      "geometry": {
        "type": "Point",
        "coordinates": [
          9.891663076998404,
          59.76033123980744
        ]
      },
      "properties": {
        "name": "SEM",
        "eier": "GLITRE ENERGI NETT AS",
        "spenning_kV": "",
        "id": 80072
      }
    },
    {
      "type": "Feature",
      "geometry": {
        "type": "Point",
        "coordinates": [
          5.319421768418139,
          61.459820678695074
        ]
      },
      "properties": {
        "name": "ØYRAVATNET",
        "eier": "LINJA AS",
        "spenning_kV": "",
        "id": 79759
      }
    },
    {
      "type": "Feature",
      "geometry": {
        "type": "Point",
        "coordinates": [
          11.506040919419824,
          61.201522116910574
        ]
      },
      "properties": {
        "name": "OSFALLET KRV",
        "eier": "ELVIA AS",
        "spenning_kV": "",
        "id": ""
      }
    },
    {
      "type": "Feature",
      "geometry": {
        "type": "Point",
        "coordinates": [
          14.559175691829564,
          68.22975815162754
        ]
      },
      "properties": {
        "name": "AM VÅRSETØYA",
        "eier": "LOFOTKRAFT AS",
        "spenning_kV": "",
        "id": ""
      }
    },
    {
      "type": "Feature",
      "geometry": {
        "type": "Point",
        "coordinates": [
          9.897452152557907,
          60.64852647060419
        ]
      },
      "properties": {
        "name": "BEGNA TRST",
        "eier": "ELVIA AS",
        "spenning_kV": "",
        "id": ""
      }
    },
    {
      "type": "Feature",
      "geometry": {
        "type": "Point",
        "coordinates": [
          10.382661174138937,
          59.77814671369436
        ]
      },
      "properties": {
        "name": "KRUBBA-T",
        "eier": "GLITRE ENERGI NETT AS",
        "spenning_kV": "",
        "id": 79774
      }
    },
    {
      "type": "Feature",
      "geometry": {
        "type": "Point",
        "coordinates": [
          10.820747825454086,
          60.916008104064126
        ]
      },
      "properties": {
        "name": "RUDSHØGDA MOBIL OMFORMER NR. 103",
        "eier": "BANE NOR SF",
        "spenning_kV": "",
        "id": 81513
      }
    },
    {
      "type": "Feature",
      "geometry": {
        "type": "Point",
        "coordinates": [
          9.66533513118608,
          59.62025580438912
        ]
      },
      "properties": {
        "name": "SKOLLENBORG-T",
        "eier": "GLITRE ENERGI NETT AS",
        "spenning_kV": "",
        "id": 77372
      }
    },
    {
      "type": "Feature",
      "geometry": {
        "type": "Point",
        "coordinates": [
          17.26094200004472,
          68.6253410074903
        ]
      },
      "properties": {
        "name": "SKODDEBERG",
        "eier": "HÅLOGALAND KRAFT NETT AS",
        "spenning_kV": "",
        "id": 80092
      }
    },
    {
      "type": "Feature",
      "geometry": {
        "type": "Point",
        "coordinates": [
          10.97774035243043,
          59.232040392802105
        ]
      },
      "properties": {
        "name": "T1F TORVVEIEN",
        "eier": "NORGESNETT AS",
        "spenning_kV": "",
        "id": ""
      }
    },
    {
      "type": "Feature",
      "geometry": {
        "type": "Point",
        "coordinates": [
          12.122662307268019,
          67.51841578994896
        ]
      },
      "properties": {
        "name": "CD RØST",
        "eier": "LOFOTKRAFT AS",
        "spenning_kV": "",
        "id": ""
      }
    },
    {
      "type": "Feature",
      "geometry": {
        "type": "Point",
        "coordinates": [
          6.55600512080117,
          61.346755527342424
        ]
      },
      "properties": {
        "name": "MEL",
        "eier": "LINJA AS",
        "spenning_kV": "",
        "id": 77527
      }
    },
    {
      "type": "Feature",
      "geometry": {
        "type": "Point",
        "coordinates": [
          16.512278894256482,
          68.71409712968016
        ]
      },
      "properties": {
        "name": "BLOMJOTEN TRANSFORMATORSTASJON",
        "eier": "HÅLOGALAND KRAFT NETT AS",
        "spenning_kV": "",
        "id": ""
      }
    },
    {
      "type": "Feature",
      "geometry": {
        "type": "Point",
        "coordinates": [
          6.6280994837649825,
          60.13287485804086
        ]
      },
      "properties": {
        "name": "MÅGELI",
        "eier": "ODDA ENERGI NETT AS",
        "spenning_kV": "",
        "id": 80525
      }
    },
    {
      "type": "Feature",
      "geometry": {
        "type": "Point",
        "coordinates": [
          10.84807424146793,
          60.818582746617096
        ]
      },
      "properties": {
        "name": "NES TRST",
        "eier": "ELVIA AS",
        "spenning_kV": "",
        "id": ""
      }
    },
    {
      "type": "Feature",
      "geometry": {
        "type": "Point",
        "coordinates": [
          10.337399222638707,
          59.80595866843741
        ]
      },
      "properties": {
        "name": "KJENNER",
        "eier": "GLITRE ENERGI NETT AS",
        "spenning_kV": "",
        "id": 79767
      }
    },
    {
      "type": "Feature",
      "geometry": {
        "type": "Point",
        "coordinates": [
          7.8936278098161194,
          58.25762269518311
        ]
      },
      "properties": {
        "name": "N01-HVS1",
        "eier": "BULK INFRASTRUCTURE HOLDING AS",
        "spenning_kV": "",
        "id": 77893
      }
    },
    {
      "type": "Feature",
      "geometry": {
        "type": "Point",
        "coordinates": [
          12.980435218095668,
          67.88210904177225
        ]
      },
      "properties": {
        "name": "CE Å",
        "eier": "LOFOTKRAFT AS",
        "spenning_kV": "",
        "id": ""
      }
    },
    {
      "type": "Feature",
      "geometry": {
        "type": "Point",
        "coordinates": [
          10.112738116335057,
          60.82045481079759
        ]
      },
      "properties": {
        "name": "DOKKA TRSF.ST.",
        "eier": "ELVIA AS",
        "spenning_kV": "",
        "id": ""
      }
    },
    {
      "type": "Feature",
      "geometry": {
        "type": "Point",
        "coordinates": [
          5.896915385955059,
          61.46104212233407
        ]
      },
      "properties": {
        "name": "TEFRE",
        "eier": "SUNNFJORD ENERGI AS",
        "spenning_kV": "",
        "id": ""
      }
    },
    {
      "type": "Feature",
      "geometry": {
        "type": "Point",
        "coordinates": [
          15.88239923710364,
          68.50683838438015
        ]
      },
      "properties": {
        "name": "KANSTADBOTN TRANSFORMATORSTASJ",
        "eier": "HÅLOGALAND KRAFT NETT AS",
        "spenning_kV": "",
        "id": ""
      }
    },
    {
      "type": "Feature",
      "geometry": {
        "type": "Point",
        "coordinates": [
          12.71911224872827,
          67.65751741274029
        ]
      },
      "properties": {
        "name": "CF VÆRØY",
        "eier": "LOFOTKRAFT AS",
        "spenning_kV": "",
        "id": ""
      }
    },
    {
      "type": "Feature",
      "geometry": {
        "type": "Point",
        "coordinates": [
          10.17391309553684,
          61.28759874051348
        ]
      },
      "properties": {
        "name": "ENGJOM TRSF.ST.",
        "eier": "ELVIA AS",
        "spenning_kV": "",
        "id": ""
      }
    },
    {
      "type": "Feature",
      "geometry": {
        "type": "Point",
        "coordinates": [
          6.616458008323986,
          59.05231352343801
        ]
      },
      "properties": {
        "name": "LYSEBOTN",
        "eier": "LYSE PRODUKSJON AS",
        "spenning_kV": "",
        "id": 77457
      }
    },
    {
      "type": "Feature",
      "geometry": {
        "type": "Point",
        "coordinates": [
          6.4120832056513315,
          58.33216846732725
        ]
      },
      "properties": {
        "name": "HOMMEDAL (TELLNES)",
        "eier": "TITANIA AS",
        "spenning_kV": "",
        "id": 77456
      }
    },
    {
      "type": "Feature",
      "geometry": {
        "type": "Point",
        "coordinates": [
          10.470841315909434,
          61.11699725698336
        ]
      },
      "properties": {
        "name": "MESNA KRV",
        "eier": "ELVIA AS",
        "spenning_kV": "",
        "id": ""
      }
    },
    {
      "type": "Feature",
      "geometry": {
        "type": "Point",
        "coordinates": [
          5.775316494591913,
          61.32695062578201
        ]
      },
      "properties": {
        "name": "SANDE",
        "eier": "SUNNFJORD ENERGI AS",
        "spenning_kV": "",
        "id": ""
      }
    },
    {
      "type": "Feature",
      "geometry": {
        "type": "Point",
        "coordinates": [
          16.587108000292456,
          68.53564800643915
        ]
      },
      "properties": {
        "name": "OTTERÅ T-AVGRENING",
        "eier": "HÅLOGALAND KRAFT NETT AS",
        "spenning_kV": "",
        "id": 80559
      }
    },
    {
      "type": "Feature",
      "geometry": {
        "type": "Point",
        "coordinates": [
          9.200428121944938,
          60.04940897241223
        ]
      },
      "properties": {
        "name": "MYKSTUFOSS",
        "eier": "GLITRE ENERGI NETT AS",
        "spenning_kV": "",
        "id": 80698
      }
    },
    {
      "type": "Feature",
      "geometry": {
        "type": "Point",
        "coordinates": [
          6.5502314516078135,
          60.065836156073544
        ]
      },
      "properties": {
        "name": "ODDA",
        "eier": "ODDA ENERGI NETT AS",
        "spenning_kV": "",
        "id": 77386
      }
    },
    {
      "type": "Feature",
      "geometry": {
        "type": "Point",
        "coordinates": [
          9.888635788211053,
          59.899500140390586
        ]
      },
      "properties": {
        "name": "SETERSBERG T",
        "eier": "GLITRE ENERGI NETT AS",
        "spenning_kV": "",
        "id": 80066
      }
    },
    {
      "type": "Feature",
      "geometry": {
        "type": "Point",
        "coordinates": [
          8.93139686961144,
          60.264975373265656
        ]
      },
      "properties": {
        "name": "UVDAL 2",
        "eier": "SKAGERAK KRAFT AS",
        "spenning_kV": "",
        "id": 77319
      }
    },
    {
      "type": "Feature",
      "geometry": {
        "type": "Point",
        "coordinates": [
          13.538290925561439,
          68.08389820273678
        ]
      },
      "properties": {
        "name": "BJ SKOTNES SKOLE",
        "eier": "LOFOTKRAFT AS",
        "spenning_kV": "",
        "id": ""
      }
    },
    {
      "type": "Feature",
      "geometry": {
        "type": "Point",
        "coordinates": [
          14.669611376085266,
          68.16806198782078
        ]
      },
      "properties": {
        "name": "AB RISHOLMEN",
        "eier": "LOFOTKRAFT AS",
        "spenning_kV": "",
        "id": ""
      }
    },
    {
      "type": "Feature",
      "geometry": {
        "type": "Point",
        "coordinates": [
          12.8860037716182,
          66.40354086286376
        ]
      },
      "properties": {
        "name": "POLLAN",
        "eier": "RØDØY-LURØY KRAFTVERK AS",
        "spenning_kV": "",
        "id": ""
      }
    },
    {
      "type": "Feature",
      "geometry": {
        "type": "Point",
        "coordinates": [
          6.009903039813285,
          61.44560726319089
        ]
      },
      "properties": {
        "name": "STAKALDEFOSSEN",
        "eier": "SUNNFJORD ENERGI AS",
        "spenning_kV": "",
        "id": ""
      }
    },
    {
      "type": "Feature",
      "geometry": {
        "type": "Point",
        "coordinates": [
          9.86145882088295,
          59.73288409846378
        ]
      },
      "properties": {
        "name": "VESTFOSSEN-T",
        "eier": "GLITRE ENERGI NETT AS",
        "spenning_kV": "",
        "id": 80068
      }
    },
    {
      "type": "Feature",
      "geometry": {
        "type": "Point",
        "coordinates": [
          25.17617237390666,
          69.82986400159956
        ]
      },
      "properties": {
        "name": "T-LUOSTEJOK",
        "eier": "LUOSTEJOK KRAFTLAG SA",
        "spenning_kV": "",
        "id": 75159
      }
    },
    {
      "type": "Feature",
      "geometry": {
        "type": "Point",
        "coordinates": [
          16.981614162331446,
          68.7142353159207
        ]
      },
      "properties": {
        "name": "DJOPVIK TRANSFORMATORSTASJON",
        "eier": "HÅLOGALAND KRAFT NETT AS",
        "spenning_kV": "",
        "id": ""
      }
    },
    {
      "type": "Feature",
      "geometry": {
        "type": "Point",
        "coordinates": [
          5.25795463930367,
          59.79363019281654
        ]
      },
      "properties": {
        "name": "EKORNSÆTER SEKUNDÆRSTASJON",
        "eier": "FINNÅS KRAFTLAG SA",
        "spenning_kV": "",
        "id": ""
      }
    },
    {
      "type": "Feature",
      "geometry": {
        "type": "Point",
        "coordinates": [
          9.379433447583674,
          60.916815051935444
        ]
      },
      "properties": {
        "name": "ÅBJØRA TRAFOSTASJON",
        "eier": "ELVIA AS",
        "spenning_kV": "",
        "id": ""
      }
    },
    {
      "type": "Feature",
      "geometry": {
        "type": "Point",
        "coordinates": [
          10.421979590702914,
          61.138681632528694
        ]
      },
      "properties": {
        "name": "FÅBERG TRST",
        "eier": "ELVIA AS",
        "spenning_kV": "",
        "id": ""
      }
    },
    {
      "type": "Feature",
      "geometry": {
        "type": "Point",
        "coordinates": [
          5.5575422224001665,
          59.275040354700565
        ]
      },
      "properties": {
        "name": "HAUGSNESET",
        "eier": "EQUINOR ASA",
        "spenning_kV": "",
        "id": 80696
      }
    },
    {
      "type": "Feature",
      "geometry": {
        "type": "Point",
        "coordinates": [
          5.507860416635953,
          61.97646579896971
        ]
      },
      "properties": {
        "name": "BEGSLE",
        "eier": "LINJA AS",
        "spenning_kV": "",
        "id": 80690
      }
    },
    {
      "type": "Feature",
      "geometry": {
        "type": "Point",
        "coordinates": [
          5.766967017099736,
          58.548360056494765
        ]
      },
      "properties": {
        "name": "BØE",
        "eier": "JÆREN EVERK AS",
        "spenning_kV": "",
        "id": 79766
      }
    },
    {
      "type": "Feature",
      "geometry": {
        "type": "Point",
        "coordinates": [
          10.932772473385722,
          59.21591033084807
        ]
      },
      "properties": {
        "name": "S4F BROGATA",
        "eier": "NORGESNETT AS",
        "spenning_kV": "",
        "id": ""
      }
    },
    {
      "type": "Feature",
      "geometry": {
        "type": "Point",
        "coordinates": [
          24.32467196299542,
          70.85873593370695
        ]
      },
      "properties": {
        "name": "BUSTAD",
        "eier": "REPVÅG KRAFTLAG SA",
        "spenning_kV": "",
        "id": ""
      }
    },
    {
      "type": "Feature",
      "geometry": {
        "type": "Point",
        "coordinates": [
          13.826518951944507,
          68.26315680459237
        ]
      },
      "properties": {
        "name": "BF TORVDALSHALSEN",
        "eier": "LOFOTKRAFT AS",
        "spenning_kV": "",
        "id": ""
      }
    },
    {
      "type": "Feature",
      "geometry": {
        "type": "Point",
        "coordinates": [
          9.862796783268621,
          59.07793008270666
        ]
      },
      "properties": {
        "name": "SOLUM OMFORMERSTASJON",
        "eier": "BANE NOR SF",
        "spenning_kV": "",
        "id": 81512
      }
    },
    {
      "type": "Feature",
      "geometry": {
        "type": "Point",
        "coordinates": [
          10.955380542800182,
          59.19224304794237
        ]
      },
      "properties": {
        "name": "S3F ØRA",
        "eier": "NORGESNETT AS",
        "spenning_kV": "",
        "id": ""
      }
    },
    {
      "type": "Feature",
      "geometry": {
        "type": "Point",
        "coordinates": [
          9.262442932848973,
          59.56875307941967
        ]
      },
      "properties": {
        "name": "TINNESGATA",
        "eier": "TINFOS AS",
        "spenning_kV": "",
        "id": 81025
      }
    },
    {
      "type": "Feature",
      "geometry": {
        "type": "Point",
        "coordinates": [
          5.247368487743823,
          59.70574003047686
        ]
      },
      "properties": {
        "name": "BØRØYSUND SEKUNDÆRSTASJON",
        "eier": "FINNÅS KRAFTLAG SA",
        "spenning_kV": "",
        "id": ""
      }
    },
    {
      "type": "Feature",
      "geometry": {
        "type": "Point",
        "coordinates": [
          14.818485775231638,
          68.2358142276702
        ]
      },
      "properties": {
        "name": "AR VÅTVIKA",
        "eier": "LOFOTKRAFT AS",
        "spenning_kV": "",
        "id": ""
      }
    },
    {
      "type": "Feature",
      "geometry": {
        "type": "Point",
        "coordinates": [
          11.095754469766476,
          60.79995869781204
        ]
      },
      "properties": {
        "name": "BØRSTAD TRST",
        "eier": "ELVIA AS",
        "spenning_kV": "",
        "id": ""
      }
    },
    {
      "type": "Feature",
      "geometry": {
        "type": "Point",
        "coordinates": [
          12.57921482792386,
          61.06554011226096
        ]
      },
      "properties": {
        "name": "LUTUFALLET KRV",
        "eier": "ELVIA AS",
        "spenning_kV": "",
        "id": ""
      }
    },
    {
      "type": "Feature",
      "geometry": {
        "type": "Point",
        "coordinates": [
          14.818492889135742,
          68.26937360946147
        ]
      },
      "properties": {
        "name": "AS KROKNES",
        "eier": "LOFOTKRAFT AS",
        "spenning_kV": "",
        "id": ""
      }
    },
    {
      "type": "Feature",
      "geometry": {
        "type": "Point",
        "coordinates": [
          13.662037215225428,
          68.11096443875124
        ]
      },
      "properties": {
        "name": "BB RAMSVIK",
        "eier": "LOFOTKRAFT AS",
        "spenning_kV": "",
        "id": ""
      }
    },
    {
      "type": "Feature",
      "geometry": {
        "type": "Point",
        "coordinates": [
          16.51609549283505,
          68.79243585587761
        ]
      },
      "properties": {
        "name": "UTSIKTEN KOBLINGSSTASJON",
        "eier": "HÅLOGALAND KRAFT NETT AS",
        "spenning_kV": "",
        "id": ""
      }
    },
    {
      "type": "Feature",
      "geometry": {
        "type": "Point",
        "coordinates": [
          13.122990674955537,
          68.05056296882557
        ]
      },
      "properties": {
        "name": "CM MARKJORD",
        "eier": "LOFOTKRAFT AS",
        "spenning_kV": "",
        "id": ""
      }
    },
    {
      "type": "Feature",
      "geometry": {
        "type": "Point",
        "coordinates": [
          16.43400050260715,
          68.56298815129479
        ]
      },
      "properties": {
        "name": "TJELDSUND TRANSFORMATORSTASJON",
        "eier": "HÅLOGALAND KRAFT NETT AS",
        "spenning_kV": "",
        "id": ""
      }
    },
    {
      "type": "Feature",
      "geometry": {
        "type": "Point",
        "coordinates": [
          10.703696739640717,
          60.92855108984208
        ]
      },
      "properties": {
        "name": "BRUVOLD TRST",
        "eier": "ELVIA AS",
        "spenning_kV": "",
        "id": ""
      }
    },
    {
      "type": "Feature",
      "geometry": {
        "type": "Point",
        "coordinates": [
          13.729231051477308,
          68.2287287331477
        ]
      },
      "properties": {
        "name": "BD LILAND",
        "eier": "LOFOTKRAFT AS",
        "spenning_kV": "",
        "id": ""
      }
    },
    {
      "type": "Feature",
      "geometry": {
        "type": "Point",
        "coordinates": [
          10.166416411878517,
          59.758790483967765
        ]
      },
      "properties": {
        "name": "BRÅTAN-T",
        "eier": "GLITRE ENERGI NETT AS",
        "spenning_kV": "",
        "id": 79761
      }
    },
    {
      "type": "Feature",
      "geometry": {
        "type": "Point",
        "coordinates": [
          11.053944251194963,
          60.810846589936325
        ]
      },
      "properties": {
        "name": "AJER TRST",
        "eier": "ELVIA AS",
        "spenning_kV": "",
        "id": ""
      }
    },
    {
      "type": "Feature",
      "geometry": {
        "type": "Point",
        "coordinates": [
          14.988614511795854,
          68.30986917034156
        ]
      },
      "properties": {
        "name": "AU DIGERMULEN",
        "eier": "LOFOTKRAFT AS",
        "spenning_kV": "",
        "id": ""
      }
    },
    {
      "type": "Feature",
      "geometry": {
        "type": "Point",
        "coordinates": [
          16.952981001762456,
          68.6642170072411
        ]
      },
      "properties": {
        "name": "KROKMYRDALEN T-AVGREINING",
        "eier": "HÅLOGALAND KRAFT NETT AS",
        "spenning_kV": "",
        "id": 80560
      }
    },
    {
      "type": "Feature",
      "geometry": {
        "type": "Point",
        "coordinates": [
          10.058523021207503,
          61.24033783789304
        ]
      },
      "properties": {
        "name": "ROPPA KR.VERK",
        "eier": "ELVIA AS",
        "spenning_kV": "",
        "id": ""
      }
    },
    {
      "type": "Feature",
      "geometry": {
        "type": "Point",
        "coordinates": [
          9.351795764194854,
          59.94381927070161
        ]
      },
      "properties": {
        "name": "DJUPDAL-L1-T",
        "eier": "GLITRE ENERGI NETT AS",
        "spenning_kV": "",
        "id": 81023
      }
    },
    {
      "type": "Feature",
      "geometry": {
        "type": "Point",
        "coordinates": [
          13.779073861985744,
          68.15495851336718
        ]
      },
      "properties": {
        "name": "BC SKIFJORD",
        "eier": "LOFOTKRAFT AS",
        "spenning_kV": "",
        "id": ""
      }
    },
    {
      "type": "Feature",
      "geometry": {
        "type": "Point",
        "coordinates": [
          15.759923891919044,
          69.14438789226895
        ]
      },
      "properties": {
        "name": "125 BUSKHOLEN",
        "eier": "ANDØY ENERGI NETT AS",
        "spenning_kV": "",
        "id": ""
      }
    },
    {
      "type": "Feature",
      "geometry": {
        "type": "Point",
        "coordinates": [
          8.873779834257284,
          58.49841013676653
        ]
      },
      "properties": {
        "name": "SAINT-GOBAIN EYDEHAVN",
        "eier": "FIVEN NORGE AS",
        "spenning_kV": "",
        "id": 75166
      }
    },
    {
      "type": "Feature",
      "geometry": {
        "type": "Point",
        "coordinates": [
          9.300689487163506,
          60.9570625865654
        ]
      },
      "properties": {
        "name": "FASLEFOSS KR.VERK",
        "eier": "ELVIA AS",
        "spenning_kV": "",
        "id": ""
      }
    },
    {
      "type": "Feature",
      "geometry": {
        "type": "Point",
        "coordinates": [
          4.913904353106398,
          61.12673434193164
        ]
      },
      "properties": {
        "name": "HAGEN",
        "eier": "SUNNFJORD ENERGI AS",
        "spenning_kV": "",
        "id": ""
      }
    },
    {
      "type": "Feature",
      "geometry": {
        "type": "Point",
        "coordinates": [
          10.607063590482634,
          60.709187886187635
        ]
      },
      "properties": {
        "name": "RAUFOSS TRSF.ST.",
        "eier": "ELVIA AS",
        "spenning_kV": "",
        "id": ""
      }
    },
    {
      "type": "Feature",
      "geometry": {
        "type": "Point",
        "coordinates": [
          11.126304594284443,
          59.27621528305565
        ]
      },
      "properties": {
        "name": "BORREGAARD 2",
        "eier": "BORREGAARD AS",
        "spenning_kV": "",
        "id": 77799
      }
    },
    {
      "type": "Feature",
      "geometry": {
        "type": "Point",
        "coordinates": [
          14.157060090077188,
          68.26551181425236
        ]
      },
      "properties": {
        "name": "BM SMORTEN",
        "eier": "LOFOTKRAFT AS",
        "spenning_kV": "",
        "id": ""
      }
    },
    {
      "type": "Feature",
      "geometry": {
        "type": "Point",
        "coordinates": [
          3.43183026142149,
          60.38452113672446
        ]
      },
      "properties": {
        "name": "TROLL-PLATTFORMEN",
        "eier": "EQUINOR ASA",
        "spenning_kV": "",
        "id": 77656
      }
    },
    {
      "type": "Feature",
      "geometry": {
        "type": "Point",
        "coordinates": [
          8.404550792517343,
          60.58292488727928
        ]
      },
      "properties": {
        "name": "HOL III",
        "eier": "GLITRE ENERGI NETT AS",
        "spenning_kV": "",
        "id": 44669
      }
    },
    {
      "type": "Feature",
      "geometry": {
        "type": "Point",
        "coordinates": [
          17.159212550759957,
          68.78107100032088
        ]
      },
      "properties": {
        "name": "GARDSVIKDALEN TRANSFORMATORSTA",
        "eier": "HÅLOGALAND KRAFT NETT AS",
        "spenning_kV": "",
        "id": ""
      }
    },
    {
      "type": "Feature",
      "geometry": {
        "type": "Point",
        "coordinates": [
          10.980408751482182,
          59.24451697318162
        ]
      },
      "properties": {
        "name": "S1R  RAA SEKUNDÆRSTASJON",
        "eier": "NORGESNETT AS",
        "spenning_kV": "",
        "id": ""
      }
    },
    {
      "type": "Feature",
      "geometry": {
        "type": "Point",
        "coordinates": [
          10.918622727137086,
          59.239824759577814
        ]
      },
      "properties": {
        "name": "S5F GLUPPE SEKUNDÆRSTASJON",
        "eier": "NORGESNETT AS",
        "spenning_kV": "",
        "id": ""
      }
    },
    {
      "type": "Feature",
      "geometry": {
        "type": "Point",
        "coordinates": [
          9.94541070892895,
          59.93987621681601
        ]
      },
      "properties": {
        "name": "HOLGERSMOEN-T",
        "eier": "GLITRE ENERGI NETT AS",
        "spenning_kV": "",
        "id": 80075
      }
    },
    {
      "type": "Feature",
      "geometry": {
        "type": "Point",
        "coordinates": [
          28.03420660142104,
          71.06051712471347
        ]
      },
      "properties": {
        "name": "FUTELV",
        "eier": "NORDKYN KRAFTLAG SA",
        "spenning_kV": "",
        "id": 77615
      }
    },
    {
      "type": "Feature",
      "geometry": {
        "type": "Point",
        "coordinates": [
          9.897701775470534,
          59.90817315286531
        ]
      },
      "properties": {
        "name": "EMBRETSFOSS-T",
        "eier": "GLITRE ENERGI NETT AS",
        "spenning_kV": "",
        "id": 77534
      }
    },
    {
      "type": "Feature",
      "geometry": {
        "type": "Point",
        "coordinates": [
          6.670560692126959,
          58.2962344203662
        ]
      },
      "properties": {
        "name": "TROLLDALEN TS",
        "eier": "AGDER ENERGI NETT AS",
        "spenning_kV": "",
        "id": ""
      }
    },
    {
      "type": "Feature",
      "geometry": {
        "type": "Point",
        "coordinates": [
          10.819398162947168,
          60.90582343655197
        ]
      },
      "properties": {
        "name": "RUDSHØGDA TRST",
        "eier": "ELVIA AS",
        "spenning_kV": "",
        "id": ""
      }
    },
    {
      "type": "Feature",
      "geometry": {
        "type": "Point",
        "coordinates": [
          10.937451837489974,
          60.885818694030306
        ]
      },
      "properties": {
        "name": "VELDRESIDEN TRSF.ST.",
        "eier": "ELVIA AS",
        "spenning_kV": "",
        "id": ""
      }
    },
    {
      "type": "Feature",
      "geometry": {
        "type": "Point",
        "coordinates": [
          16.521402461932855,
          68.79535744345793
        ]
      },
      "properties": {
        "name": "HEGGEN TRANSFORMATORSTASJON",
        "eier": "HÅLOGALAND KRAFT NETT AS",
        "spenning_kV": "",
        "id": ""
      }
    },
    {
      "type": "Feature",
      "geometry": {
        "type": "Point",
        "coordinates": [
          17.40773800040968,
          68.43363900666893
        ]
      },
      "properties": {
        "name": "TRAFO ØST",
        "eier": "LKAB NORGE AS",
        "spenning_kV": "",
        "id": 77600
      }
    },
    {
      "type": "Feature",
      "geometry": {
        "type": "Point",
        "coordinates": [
          9.000334667902099,
          60.23883753852574
        ]
      },
      "properties": {
        "name": "NORE 2",
        "eier": "GLITRE ENERGI NETT AS",
        "spenning_kV": "",
        "id": 80715
      }
    },
    {
      "type": "Feature",
      "geometry": {
        "type": "Point",
        "coordinates": [
          6.385488099832478,
          61.52279039758267
        ]
      },
      "properties": {
        "name": "MYKLEBUST TS",
        "eier": "SUNNFJORD ENERGI AS",
        "spenning_kV": "",
        "id": ""
      }
    },
    {
      "type": "Feature",
      "geometry": {
        "type": "Point",
        "coordinates": [
          7.958817455316209,
          58.25345898591661
        ]
      },
      "properties": {
        "name": "VIGELAND",
        "eier": "HYDRO VIGELANDS BRUG AS",
        "spenning_kV": "",
        "id": 80096
      }
    },
    {
      "type": "Feature",
      "geometry": {
        "type": "Point",
        "coordinates": [
          10.672557440158888,
          60.78609596710079
        ]
      },
      "properties": {
        "name": "GJØVIK OMFORMERSTASJON",
        "eier": "BANE NOR SF",
        "spenning_kV": "",
        "id": 81030
      }
    },
    {
      "type": "Feature",
      "geometry": {
        "type": "Point",
        "coordinates": [
          8.516665374845802,
          60.862765268241105
        ]
      },
      "properties": {
        "name": "T_HOLLEMOEN",
        "eier": "HEMSEDAL ENERGI AS",
        "spenning_kV": "",
        "id": 77358
      }
    },
    {
      "type": "Feature",
      "geometry": {
        "type": "Point",
        "coordinates": [
          11.155698268493985,
          60.80100899725482
        ]
      },
      "properties": {
        "name": "HJELLUM TRST",
        "eier": "ELVIA AS",
        "spenning_kV": "",
        "id": ""
      }
    },
    {
      "type": "Feature",
      "geometry": {
        "type": "Point",
        "coordinates": [
          12.233339553513384,
          66.58301298827077
        ]
      },
      "properties": {
        "name": "SELVÆR",
        "eier": "RØDØY-LURØY KRAFTVERK AS",
        "spenning_kV": "",
        "id": ""
      }
    },
    {
      "type": "Feature",
      "geometry": {
        "type": "Point",
        "coordinates": [
          14.476566164035424,
          68.21258623515523
        ]
      },
      "properties": {
        "name": "AL KABELVÅG",
        "eier": "LOFOTKRAFT AS",
        "spenning_kV": "",
        "id": ""
      }
    },
    {
      "type": "Feature",
      "geometry": {
        "type": "Point",
        "coordinates": [
          5.4140168100870065,
          61.33068603808204
        ]
      },
      "properties": {
        "name": "HÅLANDSFOSSEN",
        "eier": "SUNNFJORD ENERGI AS",
        "spenning_kV": "",
        "id": ""
      }
    },
    {
      "type": "Feature",
      "geometry": {
        "type": "Point",
        "coordinates": [
          14.177545025854835,
          66.30567197495054
        ]
      },
      "properties": {
        "name": "SVABO",
        "eier": "MIP INDUSTRINETT AS",
        "spenning_kV": "",
        "id": 79837
      }
    },
    {
      "type": "Feature",
      "geometry": {
        "type": "Point",
        "coordinates": [
          16.324464642885385,
          68.76588898798805
        ]
      },
      "properties": {
        "name": "GÅSVANN KOBLINGSTASJON",
        "eier": "HÅLOGALAND KRAFT NETT AS",
        "spenning_kV": "",
        "id": ""
      }
    },
    {
      "type": "Feature",
      "geometry": {
        "type": "Point",
        "coordinates": [
          10.693786783896764,
          61.124501844931565
        ]
      },
      "properties": {
        "name": "SJUSJØEN TRST",
        "eier": "ELVIA AS",
        "spenning_kV": "",
        "id": ""
      }
    },
    {
      "type": "Feature",
      "geometry": {
        "type": "Point",
        "coordinates": [
          7.097512795854802,
          61.36441068902573
        ]
      },
      "properties": {
        "name": "UGULSVIK",
        "eier": "LUSTER ENERGIVERK AS",
        "spenning_kV": "",
        "id": 81523
      }
    },
    {
      "type": "Feature",
      "geometry": {
        "type": "Point",
        "coordinates": [
          12.981801226542743,
          67.93949831385152
        ]
      },
      "properties": {
        "name": "CB FORSFJORD",
        "eier": "LOFOTKRAFT AS",
        "spenning_kV": "",
        "id": ""
      }
    },
    {
      "type": "Feature",
      "geometry": {
        "type": "Point",
        "coordinates": [
          14.56177216638979,
          68.2344057363166
        ]
      },
      "properties": {
        "name": "AD SVOLVÆR",
        "eier": "LOFOTKRAFT AS",
        "spenning_kV": "",
        "id": ""
      }
    },
    {
      "type": "Feature",
      "geometry": {
        "type": "Point",
        "coordinates": [
          6.550462461256551,
          60.0880701634053
        ]
      },
      "properties": {
        "name": "SAMTEIG",
        "eier": "ODDA ENERGI NETT AS",
        "spenning_kV": "",
        "id": 75181
      }
    },
    {
      "type": "Feature",
      "geometry": {
        "type": "Point",
        "coordinates": [
          17.389308001772974,
          68.43064100698714
        ]
      },
      "properties": {
        "name": "VESTRE STASJON",
        "eier": "LKAB NORGE AS",
        "spenning_kV": "",
        "id": 77295
      }
    },
    {
      "type": "Feature",
      "geometry": {
        "type": "Point",
        "coordinates": [
          10.273844794954583,
          61.2289400697007
        ]
      },
      "properties": {
        "name": "LUNDE TRST",
        "eier": "ELVIA AS",
        "spenning_kV": "",
        "id": ""
      }
    },
    {
      "type": "Feature",
      "geometry": {
        "type": "Point",
        "coordinates": [
          5.790913707914733,
          61.843866569750304
        ]
      },
      "properties": {
        "name": "LUNDEN",
        "eier": "LINJA AS",
        "spenning_kV": "",
        "id": 77855
      }
    },
    {
      "type": "Feature",
      "geometry": {
        "type": "Point",
        "coordinates": [
          8.879316302900815,
          61.13551632094829
        ]
      },
      "properties": {
        "name": "LOMEN TR.ST",
        "eier": "ELVIA AS",
        "spenning_kV": "",
        "id": ""
      }
    },
    {
      "type": "Feature",
      "geometry": {
        "type": "Point",
        "coordinates": [
          16.59829871064675,
          68.62933731055878
        ]
      },
      "properties": {
        "name": "KVITNES TRANSFORMATORSTASJON",
        "eier": "HÅLOGALAND KRAFT NETT AS",
        "spenning_kV": "",
        "id": ""
      }
    },
    {
      "type": "Feature",
      "geometry": {
        "type": "Point",
        "coordinates": [
          9.074734498516351,
          60.60754372772709
        ]
      },
      "properties": {
        "name": "BRÅTEN2-T",
        "eier": "GLITRE ENERGI NETT AS",
        "spenning_kV": "",
        "id": 80510
      }
    },
    {
      "type": "Feature",
      "geometry": {
        "type": "Point",
        "coordinates": [
          10.71937892620088,
          60.93696353356568
        ]
      },
      "properties": {
        "name": "MOELV TRST",
        "eier": "ELVIA AS",
        "spenning_kV": "",
        "id": ""
      }
    },
    {
      "type": "Feature",
      "geometry": {
        "type": "Point",
        "coordinates": [
          16.666002001314634,
          68.06453000662987
        ]
      },
      "properties": {
        "name": "SØRFJORD 1",
        "eier": "NORDKRAFT PRODUKSJON AS",
        "spenning_kV": "",
        "id": 80474
      }
    },
    {
      "type": "Feature",
      "geometry": {
        "type": "Point",
        "coordinates": [
          6.554872418897726,
          60.11491020904249
        ]
      },
      "properties": {
        "name": "ILMENITSMELTEVERKET",
        "eier": "TIZIR TITANIUM & IRON AS",
        "spenning_kV": "",
        "id": 71158
      }
    },
    {
      "type": "Feature",
      "geometry": {
        "type": "Point",
        "coordinates": [
          9.2200490737875,
          60.03767201204836
        ]
      },
      "properties": {
        "name": "MYKSTUFOSS-L1-T",
        "eier": "GLITRE ENERGI NETT AS",
        "spenning_kV": "",
        "id": 81021
      }
    },
    {
      "type": "Feature",
      "geometry": {
        "type": "Point",
        "coordinates": [
          7.452810617556485,
          58.26669042835524
        ]
      },
      "properties": {
        "name": "LEIVOLL OMFORMERSTASJON",
        "eier": "BANE NOR SF",
        "spenning_kV": "",
        "id": 81514
      }
    },
    {
      "type": "Feature",
      "geometry": {
        "type": "Point",
        "coordinates": [
          11.008072430744058,
          59.23738050735021
        ]
      },
      "properties": {
        "name": "S1B SANDEM SEKUNDÆRSTASJON",
        "eier": "NORGESNETT AS",
        "spenning_kV": "",
        "id": ""
      }
    },
    {
      "type": "Feature",
      "geometry": {
        "type": "Point",
        "coordinates": [
          5.459019687824437,
          61.99896409690465
        ]
      },
      "properties": {
        "name": "SKORGE",
        "eier": "LINJA AS",
        "spenning_kV": "",
        "id": 80523
      }
    },
    {
      "type": "Feature",
      "geometry": {
        "type": "Point",
        "coordinates": [
          11.202989526225167,
          60.85247731697083
        ]
      },
      "properties": {
        "name": "GREFTEN TRST",
        "eier": "ELVIA AS",
        "spenning_kV": "",
        "id": ""
      }
    },
    {
      "type": "Feature",
      "geometry": {
        "type": "Point",
        "coordinates": [
          11.152149596219495,
          60.14258830762703
        ]
      },
      "properties": {
        "name": "JESSHEIM OMFORMERSTASJON",
        "eier": "BANE NOR SF",
        "spenning_kV": "",
        "id": 81511
      }
    },
    {
      "type": "Feature",
      "geometry": {
        "type": "Point",
        "coordinates": [
          8.446856391811085,
          59.18178392273431
        ]
      },
      "properties": {
        "name": "SANDVIKSKOLLEN",
        "eier": "SKAGERAK KRAFT AS",
        "spenning_kV": "",
        "id": 80687
      }
    },
    {
      "type": "Feature",
      "geometry": {
        "type": "Point",
        "coordinates": [
          7.003930803076798,
          61.48737007554437
        ]
      },
      "properties": {
        "name": "NESET",
        "eier": "LUSTER ENERGIVERK AS",
        "spenning_kV": "",
        "id": 81522
      }
    },
    {
      "type": "Feature",
      "geometry": {
        "type": "Point",
        "coordinates": [
          13.33940717915622,
          68.098704559104
        ]
      },
      "properties": {
        "name": "CN PRESTNESET",
        "eier": "LOFOTKRAFT AS",
        "spenning_kV": "",
        "id": ""
      }
    },
    {
      "type": "Feature",
      "geometry": {
        "type": "Point",
        "coordinates": [
          13.453393073109414,
          68.1379375320024
        ]
      },
      "properties": {
        "name": "BN NAPPSHOLMEN",
        "eier": "LOFOTKRAFT AS",
        "spenning_kV": "",
        "id": ""
      }
    },
    {
      "type": "Feature",
      "geometry": {
        "type": "Point",
        "coordinates": [
          9.04798149000662,
          61.157495978261004
        ]
      },
      "properties": {
        "name": "HEGGENES TRST",
        "eier": "ELVIA AS",
        "spenning_kV": "",
        "id": ""
      }
    },
    {
      "type": "Feature",
      "geometry": {
        "type": "Point",
        "coordinates": [
          6.5498863794276305,
          60.09226698219082
        ]
      },
      "properties": {
        "name": "KVITUR_MU2",
        "eier": "ODDA ENERGI NETT AS",
        "spenning_kV": "",
        "id": 81053
      }
    },
    {
      "type": "Feature",
      "geometry": {
        "type": "Point",
        "coordinates": [
          10.473732186998474,
          61.1014952719061
        ]
      },
      "properties": {
        "name": "HAGE TRSF.ST.",
        "eier": "ELVIA AS",
        "spenning_kV": "",
        "id": ""
      }
    },
    {
      "type": "Feature",
      "geometry": {
        "type": "Point",
        "coordinates": [
          13.880943630408096,
          68.19752597873216
        ]
      },
      "properties": {
        "name": "BH BISKOPSJORD",
        "eier": "LOFOTKRAFT AS",
        "spenning_kV": "",
        "id": ""
      }
    },
    {
      "type": "Feature",
      "geometry": {
        "type": "Point",
        "coordinates": [
          9.947882704533916,
          59.93064321964792
        ]
      },
      "properties": {
        "name": "GRAVFOSS",
        "eier": "GLITRE ENERGI PRODUKSJON AS",
        "spenning_kV": "",
        "id": 81033
      }
    },
    {
      "type": "Feature",
      "geometry": {
        "type": "Point",
        "coordinates": [
          13.007627358506095,
          66.51787890094295
        ]
      },
      "properties": {
        "name": "LANGDALEN",
        "eier": "RØDØY-LURØY KRAFTVERK AS",
        "spenning_kV": "",
        "id": ""
      }
    },
    {
      "type": "Feature",
      "geometry": {
        "type": "Point",
        "coordinates": [
          5.350006515454139,
          61.15438784758757
        ]
      },
      "properties": {
        "name": "NEDRE SVULTINGEN",
        "eier": "SUNNFJORD ENERGI AS",
        "spenning_kV": "",
        "id": ""
      }
    },
    {
      "type": "Feature",
      "geometry": {
        "type": "Point",
        "coordinates": [
          6.412122188710565,
          58.30958346307972
        ]
      },
      "properties": {
        "name": "LOGSMYR",
        "eier": "TITANIA AS",
        "spenning_kV": "",
        "id": 77686
      }
    },
    {
      "type": "Feature",
      "geometry": {
        "type": "Point",
        "coordinates": [
          15.981707958249675,
          68.41790580606036
        ]
      },
      "properties": {
        "name": "LØDINGEN TRANSFORMATORSTASJON",
        "eier": "HÅLOGALAND KRAFT NETT AS",
        "spenning_kV": "",
        "id": ""
      }
    },
    {
      "type": "Feature",
      "geometry": {
        "type": "Point",
        "coordinates": [
          5.057972676199989,
          61.594867337567834
        ]
      },
      "properties": {
        "name": "FLORØ",
        "eier": "LINJA AS",
        "spenning_kV": "",
        "id": 77668
      }
    },
    {
      "type": "Feature",
      "geometry": {
        "type": "Point",
        "coordinates": [
          9.092236450094124,
          60.59637376577808
        ]
      },
      "properties": {
        "name": "NESBYEN OMFORMERSTASJON",
        "eier": "BANE NOR SF",
        "spenning_kV": "",
        "id": 81024
      }
    },
    {
      "type": "Feature",
      "geometry": {
        "type": "Point",
        "coordinates": [
          5.661531547964741,
          61.81166686569174
        ]
      },
      "properties": {
        "name": "ÅSKÅRA",
        "eier": "LINJA AS",
        "spenning_kV": "",
        "id": 77558
      }
    },
    {
      "type": "Feature",
      "geometry": {
        "type": "Point",
        "coordinates": [
          9.340227706701475,
          58.92697720919192
        ]
      },
      "properties": {
        "name": "T_66_HAUGHOLT",
        "eier": "KRAGERØ ENERGI AS",
        "spenning_kV": "",
        "id": 77662
      }
    },
    {
      "type": "Feature",
      "geometry": {
        "type": "Point",
        "coordinates": [
          10.936016737785854,
          59.20646373235996
        ]
      },
      "properties": {
        "name": "KRÅKERØY SEKUNDÆRSTASJON",
        "eier": "NORGESNETT AS",
        "spenning_kV": "",
        "id": ""
      }
    },
    {
      "type": "Feature",
      "geometry": {
        "type": "Point",
        "coordinates": [
          5.925563611181872,
          61.47078607735802
        ]
      },
      "properties": {
        "name": "ANGEDALEN",
        "eier": "LINJA AS",
        "spenning_kV": "",
        "id": 80633
      }
    },
    {
      "type": "Feature",
      "geometry": {
        "type": "Point",
        "coordinates": [
          10.383572294298904,
          63.41400679564247
        ]
      },
      "properties": {
        "name": "STAVNE OMFORMERSTASJON",
        "eier": "BANE NOR SF",
        "spenning_kV": "",
        "id": 81516
      }
    },
    {
      "type": "Feature",
      "geometry": {
        "type": "Point",
        "coordinates": [
          7.8811997637528695,
          61.94132103346645
        ]
      },
      "properties": {
        "name": "FRAMRUSTE",
        "eier": "HAFSLUND ECO VANNKRAFT INNLANDET AS",
        "spenning_kV": "",
        "id": 77867
      }
    },
    {
      "type": "Feature",
      "geometry": {
        "type": "Point",
        "coordinates": [
          11.165390573725045,
          59.24614930579288
        ]
      },
      "properties": {
        "name": "SARPSBORG OMFORMERSTASJON",
        "eier": "BANE NOR SF",
        "spenning_kV": "",
        "id": 81515
      }
    },
    {
      "type": "Feature",
      "geometry": {
        "type": "Point",
        "coordinates": [
          6.57098353141213,
          60.674793488112044
        ]
      },
      "properties": {
        "name": "MÆRINGEN-T",
        "eier": "GLITRE ENERGI NETT AS",
        "spenning_kV": "",
        "id": 77487
      }
    },
    {
      "type": "Feature",
      "geometry": {
        "type": "Point",
        "coordinates": [
          17.408279001389843,
          68.43373900698306
        ]
      },
      "properties": {
        "name": "FORDELINGSSTASJON",
        "eier": "LKAB NORGE AS",
        "spenning_kV": "",
        "id": 77505
      }
    },
    {
      "type": "Feature",
      "geometry": {
        "type": "Point",
        "coordinates": [
          10.962867367039122,
          59.20388949602104
        ]
      },
      "properties": {
        "name": "S2F GAMLEBYEN SEKUNDÆRSTASJON",
        "eier": "NORGESNETT AS",
        "spenning_kV": "",
        "id": ""
      }
    },
    {
      "type": "Feature",
      "geometry": {
        "type": "Point",
        "coordinates": [
          10.605936753701668,
          60.73602375202266
        ]
      },
      "properties": {
        "name": "TRAFO VEST",
        "eier": "ELVIA AS",
        "spenning_kV": "",
        "id": ""
      }
    },
    {
      "type": "Feature",
      "geometry": {
        "type": "Point",
        "coordinates": [
          16.43814516486064,
          68.80912392529187
        ]
      },
      "properties": {
        "name": "MØKKELAND TRANSFORMATORSTASJON",
        "eier": "HÅLOGALAND KRAFT NETT AS",
        "spenning_kV": "",
        "id": ""
      }
    },
    {
      "type": "Feature",
      "geometry": {
        "type": "Point",
        "coordinates": [
          11.602785000917553,
          60.829454466869905
        ]
      },
      "properties": {
        "name": "HERADSBYGD TRST",
        "eier": "ELVIA AS",
        "spenning_kV": "",
        "id": ""
      }
    },
    {
      "type": "Feature",
      "geometry": {
        "type": "Point",
        "coordinates": [
          6.358594937574254,
          58.32481693199614
        ]
      },
      "properties": {
        "name": "TØRKEANLEGG",
        "eier": "TITANIA AS",
        "spenning_kV": "",
        "id": 77602
      }
    },
    {
      "type": "Feature",
      "geometry": {
        "type": "Point",
        "coordinates": [
          9.384603687477066,
          59.86289132964158
        ]
      },
      "properties": {
        "name": "VRENGA",
        "eier": "GLITRE ENERGI NETT AS",
        "spenning_kV": "",
        "id": 79854
      }
    },
    {
      "type": "Feature",
      "geometry": {
        "type": "Point",
        "coordinates": [
          14.577172512150653,
          68.242149840923
        ]
      },
      "properties": {
        "name": "AN VÅGATUN",
        "eier": "LOFOTKRAFT AS",
        "spenning_kV": "",
        "id": ""
      }
    },
    {
      "type": "Feature",
      "geometry": {
        "type": "Point",
        "coordinates": [
          7.902714982949484,
          59.1776608203333
        ]
      },
      "properties": {
        "name": "SKRIMSDALEN",
        "eier": "SKAGERAK KRAFT AS",
        "spenning_kV": "",
        "id": 80688
      }
    },
    {
      "type": "Feature",
      "geometry": {
        "type": "Point",
        "coordinates": [
          8.781237292920018,
          59.92222096770591
        ]
      },
      "properties": {
        "name": "MÆL",
        "eier": "TINN ENERGI OG FIBER AS",
        "spenning_kV": "",
        "id": 80594
      }
    },
    {
      "type": "Feature",
      "geometry": {
        "type": "Point",
        "coordinates": [
          8.57048095799525,
          59.43606833281316
        ]
      },
      "properties": {
        "name": "KOLLTVEIT",
        "eier": "VEST-TELEMARK KRAFTLAG AS",
        "spenning_kV": "",
        "id": 77736
      }
    },
    {
      "type": "Feature",
      "geometry": {
        "type": "Point",
        "coordinates": [
          11.333095740676018,
          60.808496696065845
        ]
      },
      "properties": {
        "name": "HOMMERSTAD TRST",
        "eier": "ELVIA AS",
        "spenning_kV": "",
        "id": ""
      }
    },
    {
      "type": "Feature",
      "geometry": {
        "type": "Point",
        "coordinates": [
          11.060974436689266,
          60.7984111832561
        ]
      },
      "properties": {
        "name": "VESTBYEN TRSF.ST.",
        "eier": "ELVIA AS",
        "spenning_kV": "",
        "id": ""
      }
    },
    {
      "type": "Feature",
      "geometry": {
        "type": "Point",
        "coordinates": [
          6.549780472448711,
          60.09176415820648
        ]
      },
      "properties": {
        "name": "KVITUR_MU1",
        "eier": "ODDA ENERGI NETT AS",
        "spenning_kV": "",
        "id": 81054
      }
    },
    {
      "type": "Feature",
      "geometry": {
        "type": "Point",
        "coordinates": [
          16.324604001297836,
          68.76589100654492
        ]
      },
      "properties": {
        "name": "GÅSVANN",
        "eier": "HÅLOGALAND KRAFT NETT AS",
        "spenning_kV": "",
        "id": 80547
      }
    },
    {
      "type": "Feature",
      "geometry": {
        "type": "Point",
        "coordinates": [
          9.888635788211053,
          59.899500140390586
        ]
      },
      "properties": {
        "name": "SETERSBERG T132KV",
        "eier": "GLITRE ENERGI NETT AS",
        "spenning_kV": "",
        "id": 85337
      }
    },
    {
      "type": "Feature",
      "geometry": {
        "type": "Point",
        "coordinates": [
          17.20539488369032,
          68.80370571001467
        ]
      },
      "properties": {
        "name": "IGELAND TRANSFORMATORSTASJON",
        "eier": "HÅLOGALAND KRAFT NETT AS",
        "spenning_kV": "",
        "id": ""
      }
    },
    {
      "type": "Feature",
      "geometry": {
        "type": "Point",
        "coordinates": [
          13.536486559450418,
          68.11996399976212
        ]
      },
      "properties": {
        "name": "BK GRAVDAL SYKEHUS",
        "eier": "LOFOTKRAFT AS",
        "spenning_kV": "",
        "id": ""
      }
    },
    {
      "type": "Feature",
      "geometry": {
        "type": "Point",
        "coordinates": [
          7.89020782834027,
          58.25664267914195
        ]
      },
      "properties": {
        "name": "N01-HVS2",
        "eier": "BULK INFRASTRUCTURE HOLDING AS",
        "spenning_kV": "",
        "id": 77894
      }
    },
    {
      "type": "Feature",
      "geometry": {
        "type": "Point",
        "coordinates": [
          7.993391193264616,
          58.14325389910002
        ]
      },
      "properties": {
        "name": "TOLLBODEN KOBLINGSSTASJON",
        "eier": "AGDER ENERGI NETT AS",
        "spenning_kV": "",
        "id": ""
      }
    },
    {
      "type": "Feature",
      "geometry": {
        "type": "Point",
        "coordinates": [
          10.305003407157558,
          64.14820974066163
        ]
      },
      "properties": {
        "name": "EINARSDALEN TRANSFORMATORSTASJON",
        "eier": "FOSEN VIND DA",
        "spenning_kV": "",
        "id": 81031
      }
    },
    {
      "type": "Feature",
      "geometry": {
        "type": "Point",
        "coordinates": [
          10.41098528423321,
          64.14750983895566
        ]
      },
      "properties": {
        "name": "HARAHEIA TRANSFORMATORSTASJON",
        "eier": "FOSEN VIND DA",
        "spenning_kV": "",
        "id": 81032
      }
    },
    {
      "type": "Feature",
      "geometry": {
        "type": "Point",
        "coordinates": [
          14.209609371672183,
          68.1575784246796
        ]
      },
      "properties": {
        "name": "AO HANKAMMEN",
        "eier": "LOFOTKRAFT AS",
        "spenning_kV": "",
        "id": ""
      }
    },
    {
      "type": "Feature",
      "geometry": {
        "type": "Point",
        "coordinates": [
          12.826858939371784,
          66.38876710023683
        ]
      },
      "properties": {
        "name": "STAULVIK",
        "eier": "RØDØY-LURØY KRAFTVERK AS",
        "spenning_kV": "",
        "id": ""
      }
    },
    {
      "type": "Feature",
      "geometry": {
        "type": "Point",
        "coordinates": [
          17.02819700165318,
          68.53700300658687
        ]
      },
      "properties": {
        "name": "NIINGEN",
        "eier": "HÅLOGALAND KRAFT NETT AS",
        "spenning_kV": "",
        "id": 80558
      }
    },
    {
      "type": "Feature",
      "geometry": {
        "type": "Point",
        "coordinates": [
          10.362678744688992,
          60.64899575929026
        ]
      },
      "properties": {
        "name": "FALL TRSF.ST.",
        "eier": "ELVIA AS",
        "spenning_kV": "",
        "id": ""
      }
    },
    {
      "type": "Feature",
      "geometry": {
        "type": "Point",
        "coordinates": [
          9.304839872318388,
          59.9846021808066
        ]
      },
      "properties": {
        "name": "ROLLAG-L1-T",
        "eier": "GLITRE ENERGI NETT AS",
        "spenning_kV": "",
        "id": 81022
      }
    },
    {
      "type": "Feature",
      "geometry": {
        "type": "Point",
        "coordinates": [
          16.545471920003727,
          68.77103729308588
        ]
      },
      "properties": {
        "name": "MEDKILA TRANSFORMATORSTASJON",
        "eier": "HÅLOGALAND KRAFT NETT AS",
        "spenning_kV": "",
        "id": ""
      }
    },
    {
      "type": "Feature",
      "geometry": {
        "type": "Point",
        "coordinates": [
          11.293141926861555,
          60.62552823046203
        ]
      },
      "properties": {
        "name": "TANGEN TRST",
        "eier": "ELVIA AS",
        "spenning_kV": "",
        "id": ""
      }
    },
    {
      "type": "Feature",
      "geometry": {
        "type": "Point",
        "coordinates": [
          9.66810512537826,
          59.619137808951926
        ]
      },
      "properties": {
        "name": "SKOLLENBORG",
        "eier": "GLITRE ENERGI NETT AS",
        "spenning_kV": "",
        "id": 77687
      }
    },
    {
      "type": "Feature",
      "geometry": {
        "type": "Point",
        "coordinates": [
          11.116066600426553,
          59.27207027663761
        ]
      },
      "properties": {
        "name": "BORREGAARD 1",
        "eier": "BORREGAARD AS",
        "spenning_kV": "",
        "id": 80662
      }
    },
    {
      "type": "Feature",
      "geometry": {
        "type": "Point",
        "coordinates": [
          14.237835334129933,
          68.20578368830327
        ]
      },
      "properties": {
        "name": "AV RØRVIK",
        "eier": "LOFOTKRAFT AS",
        "spenning_kV": "",
        "id": ""
      }
    },
    {
      "type": "Feature",
      "geometry": {
        "type": "Point",
        "coordinates": [
          27.67961021428513,
          70.80382440247723
        ]
      },
      "properties": {
        "name": "T_HOPSEIDET (M138)",
        "eier": "NORDKYN KRAFTLAG SA",
        "spenning_kV": "",
        "id": 83559
      }
    },
    {
      "type": "Feature",
      "geometry": {
        "type": "Point",
        "coordinates": [
          13.203906267319182,
          68.07378734291319
        ]
      },
      "properties": {
        "name": "CL FINNBYEN",
        "eier": "LOFOTKRAFT AS",
        "spenning_kV": "",
        "id": ""
      }
    },
    {
      "type": "Feature",
      "geometry": {
        "type": "Point",
        "coordinates": [
          12.700930343418962,
          65.37536094932405
        ]
      },
      "properties": {
        "name": "LANGFJORD",
        "eier": "LINEA AS",
        "spenning_kV": "",
        "id": 80079
      }
    },
    {
      "type": "Feature",
      "geometry": {
        "type": "Point",
        "coordinates": [
          11.456849260626722,
          61.163794750278065
        ]
      },
      "properties": {
        "name": "LØPET KRV",
        "eier": "ELVIA AS",
        "spenning_kV": "",
        "id": ""
      }
    },
    {
      "type": "Feature",
      "geometry": {
        "type": "Point",
        "coordinates": [
          11.484400000385179,
          63.05043999947123
        ]
      },
      "properties": {
        "name": "Litj-Hena transformatorstasjon",
        "eier": "LITJ-HENA KRAFTVERK AS",
        "spenning_kV": 132,
        "id": ""
      }
    },
    {
      "type": "Feature",
      "geometry": {
        "type": "Point",
        "coordinates": [
          7.970957010144016,
          58.12837041916921
        ]
      },
      "properties": {
        "name": "null",
        "eier": "ELKEM ASA",
        "spenning_kV": 50,
        "id": ""
      }
    },
    {
      "type": "Feature",
      "geometry": {
        "type": "Point",
        "coordinates": [
          7.970953340274727,
          58.12830884908525
        ]
      },
      "properties": {
        "name": "null",
        "eier": "ELKEM ASA",
        "spenning_kV": 110,
        "id": ""
      }
    },
    {
      "type": "Feature",
      "geometry": {
        "type": "Point",
        "coordinates": [
          7.970947269127205,
          58.128190729518664
        ]
      },
      "properties": {
        "name": "null",
        "eier": "ELKEM ASA",
        "spenning_kV": 110,
        "id": ""
      }
    },
    {
      "type": "Feature",
      "geometry": {
        "type": "Point",
        "coordinates": [
          6.8901899994367275,
          58.2788799988459
        ]
      },
      "properties": {
        "name": "KLEVEN",
        "eier": "ERAMET NORWAY AS AVD KVINESDAL",
        "spenning_kV": 300,
        "id": ""
      }
    },
    {
      "type": "Feature",
      "geometry": {
        "type": "Point",
        "coordinates": [
          6.035242456032751,
          59.02081619746642
        ]
      },
      "properties": {
        "name": "Sekundærstasjon",
        "eier": "STAVANGER STEEL AS",
        "spenning_kV": 50,
        "id": ""
      }
    },
    {
      "type": "Feature",
      "geometry": {
        "type": "Point",
        "coordinates": [
          8.660203111720415,
          63.68798172247297
        ]
      },
      "properties": {
        "name": "Frøya",
        "eier": "ANEO VIND AS",
        "spenning_kV": 66,
        "id": ""
      }
    },
    {
      "type": "Feature",
      "geometry": {
        "type": "Point",
        "coordinates": [
          10.903387642448003,
          64.89986117095073
        ]
      },
      "properties": {
        "name": "Ytre Vikna",
        "eier": "ANEO VIND AS",
        "spenning_kV": 66,
        "id": ""
      }
    },
    {
      "type": "Feature",
      "geometry": {
        "type": "Point",
        "coordinates": [
          9.631176308116382,
          63.81948071868763
        ]
      },
      "properties": {
        "name": "Valsnesset",
        "eier": "ANEO VIND AS",
        "spenning_kV": 22,
        "id": ""
      }
    },
    {
      "type": "Feature",
      "geometry": {
        "type": "Point",
        "coordinates": [
          10.73104503326823,
          64.39106696040476
        ]
      },
      "properties": {
        "name": "Sørmarkfjellet transformatorstasjon",
        "eier": "ANEO VIND AS",
        "spenning_kV": 132,
        "id": ""
      }
    },
    {
      "type": "Feature",
      "geometry": {
        "type": "Point",
        "coordinates": [
          11.191111700403079,
          63.129212823939106
        ]
      },
      "properties": {
        "name": "Stokkfjellet transformatorstasjon",
        "eier": "ANEO VIND AS",
        "spenning_kV": 132,
        "id": ""
      }
    },
    {
      "type": "Feature",
      "geometry": {
        "type": "Point",
        "coordinates": [
          10.30680152490625,
          64.1488348140289
        ]
      },
      "properties": {
        "name": "Einarsdalen transformatorstasjon",
        "eier": "ANEO VIND AS",
        "spenning_kV": 132,
        "id": ""
      }
    },
    {
      "type": "Feature",
      "geometry": {
        "type": "Point",
        "coordinates": [
          10.411315778547868,
          64.14800900089082
        ]
      },
      "properties": {
        "name": "Haraheia transformatorstasjon",
        "eier": "ANEO VIND AS",
        "spenning_kV": 132,
        "id": ""
      }
    },
    {
      "type": "Feature",
      "geometry": {
        "type": "Point",
        "coordinates": [
          10.40006406725601,
          64.21993322333944
        ]
      },
      "properties": {
        "name": "Bessaker transformatorstasjon",
        "eier": "ANEO VIND AS",
        "spenning_kV": 66,
        "id": ""
      }
    },
    {
      "type": "Feature",
      "geometry": {
        "type": "Point",
        "coordinates": [
          11.341648147026216,
          64.75531574432668
        ]
      },
      "properties": {
        "name": "Hundhammerfjellet transformatorstasjon",
        "eier": "ANEO VIND AS",
        "spenning_kV": 66,
        "id": ""
      }
    },
    {
      "type": "Feature",
      "geometry": {
        "type": "Point",
        "coordinates": [
          7.122249583063385,
          62.85061001958077
        ]
      },
      "properties": {
        "name": "TS132 (T01, T02, T03)",
        "eier": "OMYA HUSTADMARMOR AS",
        "spenning_kV": 132,
        "id": ""
      }
    },
    {
      "type": "Feature",
      "geometry": {
        "type": "Point",
        "coordinates": [
          8.052246951771702,
          59.36356980422271
        ]
      },
      "properties": {
        "name": "T1_ÅMDAL",
        "eier": "SKAFSÅ KRAFTVERK ANS",
        "spenning_kV": 66,
        "id": ""
      }
    },
    {
      "type": "Feature",
      "geometry": {
        "type": "Point",
        "coordinates": [
          8.177025094430741,
          59.3561944520637
        ]
      },
      "properties": {
        "name": "T1_OSEN",
        "eier": "SKAFSÅ KRAFTVERK ANS",
        "spenning_kV": 66,
        "id": ""
      }
    },
    {
      "type": "Feature",
      "geometry": {
        "type": "Point",
        "coordinates": [
          5.455737199380357,
          60.39440510366464
        ]
      },
      "properties": {
        "name": "Arna",
        "eier": "BKK AS",
        "spenning_kV": 132,
        "id": ""
      }
    },
    {
      "type": "Feature",
      "geometry": {
        "type": "Point",
        "coordinates": [
          5.343682016178705,
          60.28691764178342
        ]
      },
      "properties": {
        "name": "Fana",
        "eier": "BKK AS",
        "spenning_kV": 132,
        "id": ""
      }
    },
    {
      "type": "Feature",
      "geometry": {
        "type": "Point",
        "coordinates": [
          5.131461235161231,
          60.365002129309666
        ]
      },
      "properties": {
        "name": "Litlesotra",
        "eier": "BKK AS",
        "spenning_kV": 132,
        "id": ""
      }
    },
    {
      "type": "Feature",
      "geometry": {
        "type": "Point",
        "coordinates": [
          4.844415919928975,
          60.550852668725305
        ]
      },
      "properties": {
        "name": "Kollsnes",
        "eier": "BKK AS",
        "spenning_kV": 132,
        "id": ""
      }
    },
    {
      "type": "Feature",
      "geometry": {
        "type": "Point",
        "coordinates": [
          5.840440568838517,
          60.398015921737475
        ]
      },
      "properties": {
        "name": "Samnanger",
        "eier": "BKK AS",
        "spenning_kV": 132,
        "id": ""
      }
    },
    {
      "type": "Feature",
      "geometry": {
        "type": "Point",
        "coordinates": [
          5.195541108989762,
          60.36756939205002
        ]
      },
      "properties": {
        "name": "Breivik",
        "eier": "BKK AS",
        "spenning_kV": 45,
        "id": ""
      }
    },
    {
      "type": "Feature",
      "geometry": {
        "type": "Point",
        "coordinates": [
          5.295163529832607,
          60.34760489834551
        ]
      },
      "properties": {
        "name": "Fyllingsdalen",
        "eier": "BKK AS",
        "spenning_kV": 132,
        "id": ""
      }
    },
    {
      "type": "Feature",
      "geometry": {
        "type": "Point",
        "coordinates": [
          5.4722638977871565,
          60.19137882019813
        ]
      },
      "properties": {
        "name": "Os",
        "eier": "BKK AS",
        "spenning_kV": 132,
        "id": ""
      }
    },
    {
      "type": "Feature",
      "geometry": {
        "type": "Point",
        "coordinates": [
          5.074982009724271,
          60.26206718964237
        ]
      },
      "properties": {
        "name": "Hammersland",
        "eier": "BKK AS",
        "spenning_kV": 132,
        "id": ""
      }
    },
    {
      "type": "Feature",
      "geometry": {
        "type": "Point",
        "coordinates": [
          4.9982666379542,
          60.85708959830597
        ]
      },
      "properties": {
        "name": "Sandøy",
        "eier": "BKK AS",
        "spenning_kV": 132,
        "id": ""
      }
    },
    {
      "type": "Feature",
      "geometry": {
        "type": "Point",
        "coordinates": [
          5.338786468609591,
          60.465553020437255
        ]
      },
      "properties": {
        "name": "Midtbygda",
        "eier": "BKK AS",
        "spenning_kV": 132,
        "id": ""
      }
    },
    {
      "type": "Feature",
      "geometry": {
        "type": "Point",
        "coordinates": [
          5.320734700059133,
          60.28810392928426
        ]
      },
      "properties": {
        "name": "Rå",
        "eier": "BKK AS",
        "spenning_kV": 132,
        "id": ""
      }
    },
    {
      "type": "Feature",
      "geometry": {
        "type": "Point",
        "coordinates": [
          5.2691793613017985,
          60.386250260905
        ]
      },
      "properties": {
        "name": "Simonsvik",
        "eier": "BKK AS",
        "spenning_kV": 132,
        "id": ""
      }
    },
    {
      "type": "Feature",
      "geometry": {
        "type": "Point",
        "coordinates": [
          5.349923762469145,
          60.35081279385226
        ]
      },
      "properties": {
        "name": "Storetveit",
        "eier": "BKK AS",
        "spenning_kV": 132,
        "id": ""
      }
    },
    {
      "type": "Feature",
      "geometry": {
        "type": "Point",
        "coordinates": [
          5.3807724217848385,
          60.32873204309402
        ]
      },
      "properties": {
        "name": "Helldal",
        "eier": "BKK AS",
        "spenning_kV": 132,
        "id": ""
      }
    },
    {
      "type": "Feature",
      "geometry": {
        "type": "Point",
        "coordinates": [
          5.235724565210284,
          60.36488854087807
        ]
      },
      "properties": {
        "name": "Loddefjord",
        "eier": "BKK AS",
        "spenning_kV": 132,
        "id": ""
      }
    },
    {
      "type": "Feature",
      "geometry": {
        "type": "Point",
        "coordinates": [
          5.329908391821201,
          60.38952095272055
        ]
      },
      "properties": {
        "name": "Strømgaten",
        "eier": "BKK AS",
        "spenning_kV": 132,
        "id": ""
      }
    },
    {
      "type": "Feature",
      "geometry": {
        "type": "Point",
        "coordinates": [
          5.321544941313061,
          60.40046263905752
        ]
      },
      "properties": {
        "name": "Koengen",
        "eier": "BKK AS",
        "spenning_kV": 132,
        "id": ""
      }
    },
    {
      "type": "Feature",
      "geometry": {
        "type": "Point",
        "coordinates": [
          5.327261350427306,
          60.41306940726922
        ]
      },
      "properties": {
        "name": "Sandviken",
        "eier": "BKK AS",
        "spenning_kV": 45,
        "id": ""
      }
    },
    {
      "type": "Feature",
      "geometry": {
        "type": "Point",
        "coordinates": [
          5.268356658767059,
          60.302690961463945
        ]
      },
      "properties": {
        "name": "Dolvik",
        "eier": "BKK AS",
        "spenning_kV": 132,
        "id": ""
      }
    },
    {
      "type": "Feature",
      "geometry": {
        "type": "Point",
        "coordinates": [
          5.453526313019634,
          60.42854052807968
        ]
      },
      "properties": {
        "name": "Arnavågen",
        "eier": "BKK AS",
        "spenning_kV": 132,
        "id": ""
      }
    },
    {
      "type": "Feature",
      "geometry": {
        "type": "Point",
        "coordinates": [
          5.313005377896689,
          60.38973868717577
        ]
      },
      "properties": {
        "name": "Dokken",
        "eier": "BKK AS",
        "spenning_kV": 132,
        "id": ""
      }
    },
    {
      "type": "Feature",
      "geometry": {
        "type": "Point",
        "coordinates": [
          5.33919319780856,
          60.37293329065219
        ]
      },
      "properties": {
        "name": "Solheim",
        "eier": "BKK AS",
        "spenning_kV": 132,
        "id": ""
      }
    },
    {
      "type": "Feature",
      "geometry": {
        "type": "Point",
        "coordinates": [
          5.307284972459509,
          60.42380265382099
        ]
      },
      "properties": {
        "name": "Hellen",
        "eier": "BKK AS",
        "spenning_kV": 45,
        "id": ""
      }
    },
    {
      "type": "Feature",
      "geometry": {
        "type": "Point",
        "coordinates": [
          5.332956710432766,
          60.431362135589055
        ]
      },
      "properties": {
        "name": "Jordal",
        "eier": "BKK AS",
        "spenning_kV": 132,
        "id": ""
      }
    },
    {
      "type": "Feature",
      "geometry": {
        "type": "Point",
        "coordinates": [
          5.367796289430632,
          60.372010803334
        ]
      },
      "properties": {
        "name": "Ravneberget",
        "eier": "BKK AS",
        "spenning_kV": 132,
        "id": ""
      }
    },
    {
      "type": "Feature",
      "geometry": {
        "type": "Point",
        "coordinates": [
          5.321430184234214,
          60.434809978213636
        ]
      },
      "properties": {
        "name": "Eidsvåg",
        "eier": "BKK AS",
        "spenning_kV": 45,
        "id": ""
      }
    },
    {
      "type": "Feature",
      "geometry": {
        "type": "Point",
        "coordinates": [
          5.454563129515815,
          60.3953069518768
        ]
      },
      "properties": {
        "name": "Tangeland",
        "eier": "BKK AS",
        "spenning_kV": 45,
        "id": ""
      }
    },
    {
      "type": "Feature",
      "geometry": {
        "type": "Point",
        "coordinates": [
          4.99885342209679,
          60.40412240057254
        ]
      },
      "properties": {
        "name": "Ågotnes",
        "eier": "BKK AS",
        "spenning_kV": 132,
        "id": ""
      }
    },
    {
      "type": "Feature",
      "geometry": {
        "type": "Point",
        "coordinates": [
          4.9836837424320475,
          60.54914764496831
        ]
      },
      "properties": {
        "name": "Merkesvik",
        "eier": "BKK AS",
        "spenning_kV": 132,
        "id": ""
      }
    },
    {
      "type": "Feature",
      "geometry": {
        "type": "Point",
        "coordinates": [
          5.2785535123075995,
          60.61060127065497
        ]
      },
      "properties": {
        "name": "Seim",
        "eier": "BKK AS",
        "spenning_kV": 132,
        "id": ""
      }
    },
    {
      "type": "Feature",
      "geometry": {
        "type": "Point",
        "coordinates": [
          5.59268550843293,
          60.66231139745479
        ]
      },
      "properties": {
        "name": "Padøy",
        "eier": "BKK AS",
        "spenning_kV": 132,
        "id": ""
      }
    },
    {
      "type": "Feature",
      "geometry": {
        "type": "Point",
        "coordinates": [
          6.180688547874433,
          60.39335117946036
        ]
      },
      "properties": {
        "name": "Øystese",
        "eier": "BKK AS",
        "spenning_kV": 132,
        "id": ""
      }
    },
    {
      "type": "Feature",
      "geometry": {
        "type": "Point",
        "coordinates": [
          6.101838677462784,
          60.371782641002596
        ]
      },
      "properties": {
        "name": "Norheimsund",
        "eier": "BKK AS",
        "spenning_kV": 132,
        "id": ""
      }
    },
    {
      "type": "Feature",
      "geometry": {
        "type": "Point",
        "coordinates": [
          5.187725905281242,
          60.87919519174251
        ]
      },
      "properties": {
        "name": "Frøyset",
        "eier": "BKK AS",
        "spenning_kV": 132,
        "id": ""
      }
    },
    {
      "type": "Feature",
      "geometry": {
        "type": "Point",
        "coordinates": [
          5.34023685124868,
          60.50974765256783
        ]
      },
      "properties": {
        "name": "Hylkje",
        "eier": "BKK AS",
        "spenning_kV": 132,
        "id": ""
      }
    },
    {
      "type": "Feature",
      "geometry": {
        "type": "Point",
        "coordinates": [
          6.729412008327759,
          60.52934625797799
        ]
      },
      "properties": {
        "name": "Granvin",
        "eier": "BKK AS",
        "spenning_kV": 50,
        "id": ""
      }
    },
    {
      "type": "Feature",
      "geometry": {
        "type": "Point",
        "coordinates": [
          5.181947812398598,
          60.54615371862495
        ]
      },
      "properties": {
        "name": "Meland",
        "eier": "BKK AS",
        "spenning_kV": 132,
        "id": ""
      }
    },
    {
      "type": "Feature",
      "geometry": {
        "type": "Point",
        "coordinates": [
          5.3360110229744375,
          60.307689242648024
        ]
      },
      "properties": {
        "name": "Skjold",
        "eier": "BKK AS",
        "spenning_kV": 132,
        "id": ""
      }
    },
    {
      "type": "Feature",
      "geometry": {
        "type": "Point",
        "coordinates": [
          5.09432124901845,
          60.62508856563524
        ]
      },
      "properties": {
        "name": "Kartveit",
        "eier": "BKK AS",
        "spenning_kV": 132,
        "id": ""
      }
    },
    {
      "type": "Feature",
      "geometry": {
        "type": "Point",
        "coordinates": [
          5.308265791502866,
          60.480288989981226
        ]
      },
      "properties": {
        "name": "Salhusvegen",
        "eier": "BKK AS",
        "spenning_kV": 132,
        "id": ""
      }
    },
    {
      "type": "Feature",
      "geometry": {
        "type": "Point",
        "coordinates": [
          5.509572516947856,
          60.51743730203639
        ]
      },
      "properties": {
        "name": "Osterøy",
        "eier": "BKK AS",
        "spenning_kV": 132,
        "id": ""
      }
    },
    {
      "type": "Feature",
      "geometry": {
        "type": "Point",
        "coordinates": [
          5.358963576518125,
          60.37865357956615
        ]
      },
      "properties": {
        "name": "Haukeland",
        "eier": "BKK AS",
        "spenning_kV": 45,
        "id": ""
      }
    },
    {
      "type": "Feature",
      "geometry": {
        "type": "Point",
        "coordinates": [
          5.447994515788124,
          60.21011698502667
        ]
      },
      "properties": {
        "name": "Ulven",
        "eier": "BKK AS",
        "spenning_kV": 132,
        "id": ""
      }
    },
    {
      "type": "Feature",
      "geometry": {
        "type": "Point",
        "coordinates": [
          5.456286805691029,
          60.41440237740052
        ]
      },
      "properties": {
        "name": "Langedalen",
        "eier": "BKK AS",
        "spenning_kV": 132,
        "id": ""
      }
    },
    {
      "type": "Feature",
      "geometry": {
        "type": "Point",
        "coordinates": [
          5.247814545928464,
          60.283356102369154
        ]
      },
      "properties": {
        "name": "Liland",
        "eier": "BKK AS",
        "spenning_kV": 132,
        "id": ""
      }
    },
    {
      "type": "Feature",
      "geometry": {
        "type": "Point",
        "coordinates": [
          5.280655222002832,
          60.553719682785825
        ]
      },
      "properties": {
        "name": "Knarvik",
        "eier": "BKK AS",
        "spenning_kV": 132,
        "id": ""
      }
    },
    {
      "type": "Feature",
      "geometry": {
        "type": "Point",
        "coordinates": [
          6.0137671115089475,
          61.446196583710254
        ]
      },
      "properties": {
        "name": "Moskog",
        "eier": "BKK AS",
        "spenning_kV": 132,
        "id": ""
      }
    },
    {
      "type": "Feature",
      "geometry": {
        "type": "Point",
        "coordinates": [
          5.4127787276462875,
          61.33038770094763
        ]
      },
      "properties": {
        "name": "Hålandsfossen",
        "eier": "BKK AS",
        "spenning_kV": 132,
        "id": ""
      }
    },
    {
      "type": "Feature",
      "geometry": {
        "type": "Point",
        "coordinates": [
          4.972578687743714,
          61.25763645626157
        ]
      },
      "properties": {
        "name": "Lutelandet",
        "eier": "BKK AS",
        "spenning_kV": 132,
        "id": ""
      }
    },
    {
      "type": "Feature",
      "geometry": {
        "type": "Point",
        "coordinates": [
          5.776347334906157,
          61.32706849920961
        ]
      },
      "properties": {
        "name": "Sande",
        "eier": "BKK AS",
        "spenning_kV": 132,
        "id": ""
      }
    },
    {
      "type": "Feature",
      "geometry": {
        "type": "Point",
        "coordinates": [
          5.349967448319168,
          61.15447265120146
        ]
      },
      "properties": {
        "name": "Nedre Svultingen",
        "eier": "BKK AS",
        "spenning_kV": 66,
        "id": ""
      }
    },
    {
      "type": "Feature",
      "geometry": {
        "type": "Point",
        "coordinates": [
          6.068373954787981,
          61.22044729319935
        ]
      },
      "properties": {
        "name": "Høyanger",
        "eier": "BKK AS",
        "spenning_kV": 66,
        "id": ""
      }
    },
    {
      "type": "Feature",
      "geometry": {
        "type": "Point",
        "coordinates": [
          5.840368397028336,
          61.20922188499969
        ]
      },
      "properties": {
        "name": "Vadheim",
        "eier": "BKK AS",
        "spenning_kV": 66,
        "id": ""
      }
    },
    {
      "type": "Feature",
      "geometry": {
        "type": "Point",
        "coordinates": [
          5.720472035317699,
          61.518524327693804
        ]
      },
      "properties": {
        "name": "Naustdal",
        "eier": "BKK AS",
        "spenning_kV": 66,
        "id": ""
      }
    },
    {
      "type": "Feature",
      "geometry": {
        "type": "Point",
        "coordinates": [
          5.854232574345841,
          61.458068224892045
        ]
      },
      "properties": {
        "name": "Førde",
        "eier": "BKK AS",
        "spenning_kV": 66,
        "id": ""
      }
    },
    {
      "type": "Feature",
      "geometry": {
        "type": "Point",
        "coordinates": [
          5.896972724155512,
          61.461264488391784
        ]
      },
      "properties": {
        "name": "Tefre",
        "eier": "BKK AS",
        "spenning_kV": 132,
        "id": ""
      }
    },
    {
      "type": "Feature",
      "geometry": {
        "type": "Point",
        "coordinates": [
          5.815802274783677,
          60.582719224835316
        ]
      },
      "properties": {
        "name": "Haukeland",
        "eier": "BKK AS",
        "spenning_kV": 132,
        "id": ""
      }
    },
    {
      "type": "Feature",
      "geometry": {
        "type": "Point",
        "coordinates": [
          6.466661785997816,
          58.333168777582074
        ]
      },
      "properties": {
        "name": "Transf delomr 2",
        "eier": "TELLENES VINDPARK AS",
        "spenning_kV": 132,
        "id": ""
      }
    },
    {
      "type": "Feature",
      "geometry": {
        "type": "Point",
        "coordinates": [
          6.454207088897301,
          58.29570998105632
        ]
      },
      "properties": {
        "name": "Transf Åna-Sira",
        "eier": "TELLENES VINDPARK AS",
        "spenning_kV": 300,
        "id": ""
      }
    },
    {
      "type": "Feature",
      "geometry": {
        "type": "Point",
        "coordinates": [
          7.9950125706959625,
          59.5726131994203
        ]
      },
      "properties": {
        "name": "AAMOT",
        "eier": "TELEMARK NETT AS",
        "spenning_kV": 66,
        "id": ""
      }
    },
    {
      "type": "Feature",
      "geometry": {
        "type": "Point",
        "coordinates": [
          8.593520649175968,
          59.471308629572995
        ]
      },
      "properties": {
        "name": "SELJORD TRAFOSTASJON",
        "eier": "TELEMARK NETT AS",
        "spenning_kV": 66,
        "id": ""
      }
    },
    {
      "type": "Feature",
      "geometry": {
        "type": "Point",
        "coordinates": [
          8.052261230446044,
          59.36358586933103
        ]
      },
      "properties": {
        "name": "AAMDAL",
        "eier": "TELEMARK NETT AS",
        "spenning_kV": 66,
        "id": ""
      }
    },
    {
      "type": "Feature",
      "geometry": {
        "type": "Point",
        "coordinates": [
          8.440751859521741,
          59.42732004943314
        ]
      },
      "properties": {
        "name": "KVITESEID TRAFOSTASJON",
        "eier": "TELEMARK NETT AS",
        "spenning_kV": 66,
        "id": ""
      }
    },
    {
      "type": "Feature",
      "geometry": {
        "type": "Point",
        "coordinates": [
          7.939387889693647,
          59.46276790917881
        ]
      },
      "properties": {
        "name": "LIO",
        "eier": "TELEMARK NETT AS",
        "spenning_kV": 66,
        "id": ""
      }
    },
    {
      "type": "Feature",
      "geometry": {
        "type": "Point",
        "coordinates": [
          9.040495999938615,
          59.385017979211426
        ]
      },
      "properties": {
        "name": "EIKA TRAFOSTASJON",
        "eier": "TELEMARK NETT AS",
        "spenning_kV": 66,
        "id": ""
      }
    },
    {
      "type": "Feature",
      "geometry": {
        "type": "Point",
        "coordinates": [
          8.066037784416272,
          59.690602250664895
        ]
      },
      "properties": {
        "name": "Libru transformatorstasjon",
        "eier": "RK NETT AS",
        "spenning_kV": 66,
        "id": ""
      }
    },
    {
      "type": "Feature",
      "geometry": {
        "type": "Point",
        "coordinates": [
          14.989691099417843,
          68.55275359920446
        ]
      },
      "properties": {
        "name": "Stokmarknes Transformatorstasjon",
        "eier": "NORANETT HADSEL AS",
        "spenning_kV": 132,
        "id": ""
      }
    },
    {
      "type": "Feature",
      "geometry": {
        "type": "Point",
        "coordinates": [
          14.851876300138306,
          68.51065459965184
        ]
      },
      "properties": {
        "name": "Melbu transformatorstasjon",
        "eier": "NORANETT HADSEL AS",
        "spenning_kV": 132,
        "id": ""
      }
    },
    {
      "type": "Feature",
      "geometry": {
        "type": "Point",
        "coordinates": [
          24.594526000051314,
          71.01256199938663
        ]
      },
      "properties": {
        "name": "Havøygavlen",
        "eier": "ARCTIC WIND AS",
        "spenning_kV": 66,
        "id": ""
      }
    },
    {
      "type": "Feature",
      "geometry": {
        "type": "Point",
        "coordinates": [
          29.708949999014134,
          70.66046999910304
        ]
      },
      "properties": {
        "name": "Hamnefjell",
        "eier": "HAMNEFJELL VINDKRAFT AS",
        "spenning_kV": 132,
        "id": ""
      }
    },
    {
      "type": "Feature",
      "geometry": {
        "type": "Point",
        "coordinates": [
          15.71816842948407,
          67.3239684817222
        ]
      },
      "properties": {
        "name": "SISO kraftverk",
        "eier": "SISO ENERGI AS",
        "spenning_kV": 132,
        "id": ""
      }
    },
    {
      "type": "Feature",
      "geometry": {
        "type": "Point",
        "coordinates": [
          15.744944784411844,
          67.44885373888839
        ]
      },
      "properties": {
        "name": "Lakshola kraftverk",
        "eier": "SISO ENERGI AS",
        "spenning_kV": 132,
        "id": ""
      }
    },
    {
      "type": "Feature",
      "geometry": {
        "type": "Point",
        "coordinates": [
          23.02773310921611,
          69.00304692745217
        ]
      },
      "properties": {
        "name": "KAUTOKEINO",
        "eier": "VISSI AS",
        "spenning_kV": 66,
        "id": ""
      }
    },
    {
      "type": "Feature",
      "geometry": {
        "type": "Point",
        "coordinates": [
          20.959308443964364,
          69.91072712938161
        ]
      },
      "properties": {
        "name": "HAMNEIDET",
        "eier": "VISSI AS",
        "spenning_kV": 66,
        "id": ""
      }
    },
    {
      "type": "Feature",
      "geometry": {
        "type": "Point",
        "coordinates": [
          22.44263981188274,
          69.22018705986076
        ]
      },
      "properties": {
        "name": "REISAVANN",
        "eier": "VISSI AS",
        "spenning_kV": 66,
        "id": ""
      }
    },
    {
      "type": "Feature",
      "geometry": {
        "type": "Point",
        "coordinates": [
          21.107441893514626,
          69.6674672161228
        ]
      },
      "properties": {
        "name": "KILDAL",
        "eier": "VISSI AS",
        "spenning_kV": 66,
        "id": ""
      }
    },
    {
      "type": "Feature",
      "geometry": {
        "type": "Point",
        "coordinates": [
          21.016888396547884,
          69.76508847995673
        ]
      },
      "properties": {
        "name": "STORSLETT",
        "eier": "VISSI AS",
        "spenning_kV": 66,
        "id": ""
      }
    },
    {
      "type": "Feature",
      "geometry": {
        "type": "Point",
        "coordinates": [
          20.972168293896225,
          70.01707149315031
        ]
      },
      "properties": {
        "name": "SKJERVØY",
        "eier": "VISSI AS",
        "spenning_kV": 66,
        "id": ""
      }
    },
    {
      "type": "Feature",
      "geometry": {
        "type": "Point",
        "coordinates": [
          9.802926587128072,
          63.246074543483026
        ]
      },
      "properties": {
        "name": "Orkdal",
        "eier": "STATNETT SF",
        "spenning_kV": "",
        "id": ""
      }
    },
    {
      "type": "Feature",
      "geometry": {
        "type": "Point",
        "coordinates": [
          11.686572301164476,
          63.03010221048452
        ]
      },
      "properties": {
        "name": "Nea",
        "eier": "STATNETT SF",
        "spenning_kV": "",
        "id": ""
      }
    },
    {
      "type": "Feature",
      "geometry": {
        "type": "Point",
        "coordinates": [
          8.52357968498045,
          62.664140836633166
        ]
      },
      "properties": {
        "name": "Aura",
        "eier": "STATNETT SF",
        "spenning_kV": "",
        "id": ""
      }
    },
    {
      "type": "Feature",
      "geometry": {
        "type": "Point",
        "coordinates": [
          8.497918096769004,
          62.68888195201076
        ]
      },
      "properties": {
        "name": "Viklandet",
        "eier": "STATNETT SF",
        "spenning_kV": "",
        "id": ""
      }
    },
    {
      "type": "Feature",
      "geometry": {
        "type": "Point",
        "coordinates": [
          8.146705406534323,
          62.79366284194093
        ]
      },
      "properties": {
        "name": "Brandhol",
        "eier": "STATNETT SF",
        "spenning_kV": "",
        "id": ""
      }
    },
    {
      "type": "Feature",
      "geometry": {
        "type": "Point",
        "coordinates": [
          7.111159750853125,
          62.85914644930167
        ]
      },
      "properties": {
        "name": "Fræna",
        "eier": "STATNETT SF",
        "spenning_kV": "",
        "id": ""
      }
    },
    {
      "type": "Feature",
      "geometry": {
        "type": "Point",
        "coordinates": [
          8.47012547235101,
          62.50827600898507
        ]
      },
      "properties": {
        "name": "Osbu",
        "eier": "STATNETT SF",
        "spenning_kV": "",
        "id": ""
      }
    },
    {
      "type": "Feature",
      "geometry": {
        "type": "Point",
        "coordinates": [
          7.758074879630208,
          62.521200326334935
        ]
      },
      "properties": {
        "name": "Grytten",
        "eier": "STATNETT SF",
        "spenning_kV": "",
        "id": ""
      }
    },
    {
      "type": "Feature",
      "geometry": {
        "type": "Point",
        "coordinates": [
          6.865554366888013,
          62.473139558573756
        ]
      },
      "properties": {
        "name": "Ørskog",
        "eier": "STATNETT SF",
        "spenning_kV": "",
        "id": ""
      }
    },
    {
      "type": "Feature",
      "geometry": {
        "type": "Point",
        "coordinates": [
          7.703245955122482,
          62.80870085358057
        ]
      },
      "properties": {
        "name": "Istad",
        "eier": "STATNETT SF",
        "spenning_kV": "",
        "id": ""
      }
    },
    {
      "type": "Feature",
      "geometry": {
        "type": "Point",
        "coordinates": [
          8.764720882351737,
          62.97303073337494
        ]
      },
      "properties": {
        "name": "Ranes",
        "eier": "STATNETT SF",
        "spenning_kV": "",
        "id": ""
      }
    },
    {
      "type": "Feature",
      "geometry": {
        "type": "Point",
        "coordinates": [
          9.020239948187411,
          63.006522113308186
        ]
      },
      "properties": {
        "name": "Trollheim",
        "eier": "STATNETT SF",
        "spenning_kV": "",
        "id": ""
      }
    },
    {
      "type": "Feature",
      "geometry": {
        "type": "Point",
        "coordinates": [
          9.081767748053462,
          61.88124436435195
        ]
      },
      "properties": {
        "name": "Vågåmo",
        "eier": "STATNETT SF",
        "spenning_kV": "",
        "id": ""
      }
    },
    {
      "type": "Feature",
      "geometry": {
        "type": "Point",
        "coordinates": [
          9.31376077044569,
          61.48299596651538
        ]
      },
      "properties": {
        "name": "Øvre Vinstra",
        "eier": "STATNETT SF",
        "spenning_kV": "",
        "id": ""
      }
    },
    {
      "type": "Feature",
      "geometry": {
        "type": "Point",
        "coordinates": [
          10.421884530874197,
          61.13837326021128
        ]
      },
      "properties": {
        "name": "Fåberg",
        "eier": "STATNETT SF",
        "spenning_kV": "",
        "id": ""
      }
    },
    {
      "type": "Feature",
      "geometry": {
        "type": "Point",
        "coordinates": [
          10.448179504236819,
          61.163808997353975
        ]
      },
      "properties": {
        "name": "Balbergskaret",
        "eier": "STATNETT SF",
        "spenning_kV": "",
        "id": ""
      }
    },
    {
      "type": "Feature",
      "geometry": {
        "type": "Point",
        "coordinates": [
          11.122453035407371,
          61.81276404606443
        ]
      },
      "properties": {
        "name": "Rendalen",
        "eier": "STATNETT SF",
        "spenning_kV": "",
        "id": ""
      }
    },
    {
      "type": "Feature",
      "geometry": {
        "type": "Point",
        "coordinates": [
          11.267279292120397,
          60.83575805658488
        ]
      },
      "properties": {
        "name": "Vang",
        "eier": "STATNETT SF",
        "spenning_kV": "",
        "id": ""
      }
    },
    {
      "type": "Feature",
      "geometry": {
        "type": "Point",
        "coordinates": [
          10.564888176309438,
          60.802021235821336
        ]
      },
      "properties": {
        "name": "Vardal",
        "eier": "STATNETT SF",
        "spenning_kV": "",
        "id": ""
      }
    },
    {
      "type": "Feature",
      "geometry": {
        "type": "Point",
        "coordinates": [
          9.804926814889036,
          61.5778039410218
        ]
      },
      "properties": {
        "name": "Nedre Vinstra",
        "eier": "STATNETT SF",
        "spenning_kV": "",
        "id": ""
      }
    },
    {
      "type": "Feature",
      "geometry": {
        "type": "Point",
        "coordinates": [
          7.81838596550677,
          61.05929309976265
        ]
      },
      "properties": {
        "name": "Borgund",
        "eier": "STATNETT SF",
        "spenning_kV": "",
        "id": ""
      }
    },
    {
      "type": "Feature",
      "geometry": {
        "type": "Point",
        "coordinates": [
          8.084385370939998,
          61.003943342414374
        ]
      },
      "properties": {
        "name": "Øljusjøen",
        "eier": "STATNETT SF",
        "spenning_kV": "",
        "id": ""
      }
    },
    {
      "type": "Feature",
      "geometry": {
        "type": "Point",
        "coordinates": [
          7.701380412658039,
          61.505698876796906
        ]
      },
      "properties": {
        "name": "Fortun",
        "eier": "STATNETT SF",
        "spenning_kV": "",
        "id": ""
      }
    },
    {
      "type": "Feature",
      "geometry": {
        "type": "Point",
        "coordinates": [
          7.246119569260648,
          61.437279857658396
        ]
      },
      "properties": {
        "name": "Fonndøla",
        "eier": "STATNETT SF",
        "spenning_kV": "",
        "id": ""
      }
    },
    {
      "type": "Feature",
      "geometry": {
        "type": "Point",
        "coordinates": [
          6.595460159781799,
          61.06980961364757
        ]
      },
      "properties": {
        "name": "Hove",
        "eier": "STATNETT SF",
        "spenning_kV": "",
        "id": ""
      }
    },
    {
      "type": "Feature",
      "geometry": {
        "type": "Point",
        "coordinates": [
          6.569348788071029,
          61.020904814462426
        ]
      },
      "properties": {
        "name": "Refsdal",
        "eier": "STATNETT SF",
        "spenning_kV": "",
        "id": ""
      }
    },
    {
      "type": "Feature",
      "geometry": {
        "type": "Point",
        "coordinates": [
          7.145319050086964,
          60.498993375527746
        ]
      },
      "properties": {
        "name": "Sima",
        "eier": "STATNETT SF",
        "spenning_kV": "",
        "id": ""
      }
    },
    {
      "type": "Feature",
      "geometry": {
        "type": "Point",
        "coordinates": [
          6.330313190036659,
          60.13204589273097
        ]
      },
      "properties": {
        "name": "Mauranger",
        "eier": "STATNETT SF",
        "spenning_kV": "",
        "id": ""
      }
    },
    {
      "type": "Feature",
      "geometry": {
        "type": "Point",
        "coordinates": [
          6.630423336869738,
          60.129078956966914
        ]
      },
      "properties": {
        "name": "Åsen",
        "eier": "STATNETT SF",
        "spenning_kV": "",
        "id": ""
      }
    },
    {
      "type": "Feature",
      "geometry": {
        "type": "Point",
        "coordinates": [
          6.009754566512007,
          59.86340233372589
        ]
      },
      "properties": {
        "name": "Blåfalli",
        "eier": "STATNETT SF",
        "spenning_kV": "",
        "id": ""
      }
    },
    {
      "type": "Feature",
      "geometry": {
        "type": "Point",
        "coordinates": [
          6.816590919320403,
          59.82133879944846
        ]
      },
      "properties": {
        "name": "Røldal",
        "eier": "STATNETT SF",
        "spenning_kV": "",
        "id": ""
      }
    },
    {
      "type": "Feature",
      "geometry": {
        "type": "Point",
        "coordinates": [
          6.81535655405355,
          59.65000244134043
        ]
      },
      "properties": {
        "name": "Nesflaten",
        "eier": "STATNETT SF",
        "spenning_kV": "",
        "id": ""
      }
    },
    {
      "type": "Feature",
      "geometry": {
        "type": "Point",
        "coordinates": [
          6.9839779105562485,
          59.658207307246464
        ]
      },
      "properties": {
        "name": "Kvanndal",
        "eier": "STATNETT SF",
        "spenning_kV": "",
        "id": ""
      }
    },
    {
      "type": "Feature",
      "geometry": {
        "type": "Point",
        "coordinates": [
          6.6541977614788586,
          59.52873769261614
        ]
      },
      "properties": {
        "name": "Kvilldal",
        "eier": "STATNETT SF",
        "spenning_kV": "",
        "id": ""
      }
    },
    {
      "type": "Feature",
      "geometry": {
        "type": "Point",
        "coordinates": [
          6.602700184730499,
          59.56005480704432
        ]
      },
      "properties": {
        "name": "Hylen",
        "eier": "STATNETT SF",
        "spenning_kV": "",
        "id": ""
      }
    },
    {
      "type": "Feature",
      "geometry": {
        "type": "Point",
        "coordinates": [
          6.409903434013023,
          59.66835428345061
        ]
      },
      "properties": {
        "name": "Sauda",
        "eier": "STATNETT SF",
        "spenning_kV": "",
        "id": ""
      }
    },
    {
      "type": "Feature",
      "geometry": {
        "type": "Point",
        "coordinates": [
          5.315518894554475,
          59.317273982642675
        ]
      },
      "properties": {
        "name": "Håvik",
        "eier": "STATNETT SF",
        "spenning_kV": "",
        "id": ""
      }
    },
    {
      "type": "Feature",
      "geometry": {
        "type": "Point",
        "coordinates": [
          5.505494436850843,
          59.27822296910875
        ]
      },
      "properties": {
        "name": "Kårstø",
        "eier": "STATNETT SF",
        "spenning_kV": "",
        "id": ""
      }
    },
    {
      "type": "Feature",
      "geometry": {
        "type": "Point",
        "coordinates": [
          6.672311848898617,
          59.48451080205215
        ]
      },
      "properties": {
        "name": "Saurdal",
        "eier": "STATNETT SF",
        "spenning_kV": "",
        "id": ""
      }
    },
    {
      "type": "Feature",
      "geometry": {
        "type": "Point",
        "coordinates": [
          6.603820853058482,
          59.32753578414808
        ]
      },
      "properties": {
        "name": "Førre",
        "eier": "STATNETT SF",
        "spenning_kV": "",
        "id": ""
      }
    },
    {
      "type": "Feature",
      "geometry": {
        "type": "Point",
        "coordinates": [
          6.665087473118964,
          59.0609046012216
        ]
      },
      "properties": {
        "name": "Lyse",
        "eier": "STATNETT SF",
        "spenning_kV": "",
        "id": ""
      }
    },
    {
      "type": "Feature",
      "geometry": {
        "type": "Point",
        "coordinates": [
          5.840817222424526,
          60.39779505056462
        ]
      },
      "properties": {
        "name": "Samnanger",
        "eier": "STATNETT SF",
        "spenning_kV": "",
        "id": ""
      }
    },
    {
      "type": "Feature",
      "geometry": {
        "type": "Point",
        "coordinates": [
          6.859476230169325,
          58.282728983381936
        ]
      },
      "properties": {
        "name": "Feda",
        "eier": "STATNETT SF",
        "spenning_kV": "",
        "id": ""
      }
    },
    {
      "type": "Feature",
      "geometry": {
        "type": "Point",
        "coordinates": [
          7.8984419779279955,
          58.259945167964645
        ]
      },
      "properties": {
        "name": "Kristiansand",
        "eier": "STATNETT SF",
        "spenning_kV": "",
        "id": ""
      }
    },
    {
      "type": "Feature",
      "geometry": {
        "type": "Point",
        "coordinates": [
          6.775395710681296,
          58.07715118931278
        ]
      },
      "properties": {
        "name": "Lista",
        "eier": "STATNETT SF",
        "spenning_kV": "",
        "id": ""
      }
    },
    {
      "type": "Feature",
      "geometry": {
        "type": "Point",
        "coordinates": [
          7.510497690594326,
          59.123166131136365
        ]
      },
      "properties": {
        "name": "Brokke",
        "eier": "STATNETT SF",
        "spenning_kV": "",
        "id": ""
      }
    },
    {
      "type": "Feature",
      "geometry": {
        "type": "Point",
        "coordinates": [
          7.249296654084634,
          59.3462223141406
        ]
      },
      "properties": {
        "name": "Holen",
        "eier": "STATNETT SF",
        "spenning_kV": "",
        "id": ""
      }
    },
    {
      "type": "Feature",
      "geometry": {
        "type": "Point",
        "coordinates": [
          7.938437266746529,
          59.46326075886191
        ]
      },
      "properties": {
        "name": "Lio",
        "eier": "STATNETT SF",
        "spenning_kV": "",
        "id": ""
      }
    },
    {
      "type": "Feature",
      "geometry": {
        "type": "Point",
        "coordinates": [
          8.035462981146509,
          59.4477205368811
        ]
      },
      "properties": {
        "name": "Tokke",
        "eier": "STATNETT SF",
        "spenning_kV": "",
        "id": ""
      }
    },
    {
      "type": "Feature",
      "geometry": {
        "type": "Point",
        "coordinates": [
          7.851879179645363,
          59.624668533830636
        ]
      },
      "properties": {
        "name": "Vinje",
        "eier": "STATNETT SF",
        "spenning_kV": "",
        "id": ""
      }
    },
    {
      "type": "Feature",
      "geometry": {
        "type": "Point",
        "coordinates": [
          7.443422365370203,
          59.736892796203264
        ]
      },
      "properties": {
        "name": "Kjela",
        "eier": "STATNETT SF",
        "spenning_kV": "",
        "id": ""
      }
    },
    {
      "type": "Feature",
      "geometry": {
        "type": "Point",
        "coordinates": [
          7.725386645116762,
          59.77400195494169
        ]
      },
      "properties": {
        "name": "Songa",
        "eier": "STATNETT SF",
        "spenning_kV": "",
        "id": ""
      }
    },
    {
      "type": "Feature",
      "geometry": {
        "type": "Point",
        "coordinates": [
          8.49352515330467,
          59.86553263424857
        ]
      },
      "properties": {
        "name": "Vemorktoppen",
        "eier": "STATNETT SF",
        "spenning_kV": "",
        "id": ""
      }
    },
    {
      "type": "Feature",
      "geometry": {
        "type": "Point",
        "coordinates": [
          8.677868442678172,
          59.882563048214294
        ]
      },
      "properties": {
        "name": "Rjukan",
        "eier": "STATNETT SF",
        "spenning_kV": "",
        "id": ""
      }
    },
    {
      "type": "Feature",
      "geometry": {
        "type": "Point",
        "coordinates": [
          8.677864831309963,
          59.88402214971073
        ]
      },
      "properties": {
        "name": "Mår",
        "eier": "STATNETT SF",
        "spenning_kV": "",
        "id": ""
      }
    },
    {
      "type": "Feature",
      "geometry": {
        "type": "Point",
        "coordinates": [
          9.544284802177907,
          59.272877551747264
        ]
      },
      "properties": {
        "name": "Rød",
        "eier": "STATNETT SF",
        "spenning_kV": "",
        "id": ""
      }
    },
    {
      "type": "Feature",
      "geometry": {
        "type": "Point",
        "coordinates": [
          9.672913937509724,
          59.115464062769625
        ]
      },
      "properties": {
        "name": "Porsgrunn",
        "eier": "STATNETT SF",
        "spenning_kV": "",
        "id": ""
      }
    },
    {
      "type": "Feature",
      "geometry": {
        "type": "Point",
        "coordinates": [
          10.381214232783394,
          59.32977620275053
        ]
      },
      "properties": {
        "name": "Tveiten",
        "eier": "STATNETT SF",
        "spenning_kV": "",
        "id": ""
      }
    },
    {
      "type": "Feature",
      "geometry": {
        "type": "Point",
        "coordinates": [
          10.811170471506726,
          59.92191237506248
        ]
      },
      "properties": {
        "name": "Ulven",
        "eier": "STATNETT SF",
        "spenning_kV": "",
        "id": ""
      }
    },
    {
      "type": "Feature",
      "geometry": {
        "type": "Point",
        "coordinates": [
          10.720672602563093,
          59.95770117585586
        ]
      },
      "properties": {
        "name": "Sogn",
        "eier": "STATNETT SF",
        "spenning_kV": "",
        "id": ""
      }
    },
    {
      "type": "Feature",
      "geometry": {
        "type": "Point",
        "coordinates": [
          10.66767113400373,
          59.93494129397492
        ]
      },
      "properties": {
        "name": "Smestad",
        "eier": "STATNETT SF",
        "spenning_kV": "",
        "id": ""
      }
    },
    {
      "type": "Feature",
      "geometry": {
        "type": "Point",
        "coordinates": [
          10.883705916763459,
          59.94416641549855
        ]
      },
      "properties": {
        "name": "Furuset",
        "eier": "STATNETT SF",
        "spenning_kV": "",
        "id": ""
      }
    },
    {
      "type": "Feature",
      "geometry": {
        "type": "Point",
        "coordinates": [
          10.557875743461704,
          59.92674959375255
        ]
      },
      "properties": {
        "name": "Bærum",
        "eier": "STATNETT SF",
        "spenning_kV": "",
        "id": ""
      }
    },
    {
      "type": "Feature",
      "geometry": {
        "type": "Point",
        "coordinates": [
          10.498511001477969,
          59.89685206890825
        ]
      },
      "properties": {
        "name": "Hamang",
        "eier": "STATNETT SF",
        "spenning_kV": "",
        "id": ""
      }
    },
    {
      "type": "Feature",
      "geometry": {
        "type": "Point",
        "coordinates": [
          10.214758094412566,
          59.86749458195046
        ]
      },
      "properties": {
        "name": "Sylling",
        "eier": "STATNETT SF",
        "spenning_kV": "",
        "id": ""
      }
    },
    {
      "type": "Feature",
      "geometry": {
        "type": "Point",
        "coordinates": [
          9.844336072308698,
          59.71999496478027
        ]
      },
      "properties": {
        "name": "Flesaker",
        "eier": "STATNETT SF",
        "spenning_kV": "",
        "id": ""
      }
    },
    {
      "type": "Feature",
      "geometry": {
        "type": "Point",
        "coordinates": [
          10.105669697906594,
          59.5761316418202
        ]
      },
      "properties": {
        "name": "Hof",
        "eier": "STATNETT SF",
        "spenning_kV": "",
        "id": ""
      }
    },
    {
      "type": "Feature",
      "geometry": {
        "type": "Point",
        "coordinates": [
          8.57716979799794,
          60.43754538748997
        ]
      },
      "properties": {
        "name": "Dagali",
        "eier": "STATNETT SF",
        "spenning_kV": "",
        "id": ""
      }
    },
    {
      "type": "Feature",
      "geometry": {
        "type": "Point",
        "coordinates": [
          8.962027235772382,
          60.266735307406506
        ]
      },
      "properties": {
        "name": "Nore",
        "eier": "STATNETT SF",
        "spenning_kV": "",
        "id": ""
      }
    },
    {
      "type": "Feature",
      "geometry": {
        "type": "Point",
        "coordinates": [
          10.204696998422605,
          60.16839168694178
        ]
      },
      "properties": {
        "name": "Ringerike",
        "eier": "STATNETT SF",
        "spenning_kV": "",
        "id": ""
      }
    },
    {
      "type": "Feature",
      "geometry": {
        "type": "Point",
        "coordinates": [
          10.147083160186396,
          60.24858312457413
        ]
      },
      "properties": {
        "name": "Ådal",
        "eier": "STATNETT SF",
        "spenning_kV": "",
        "id": ""
      }
    },
    {
      "type": "Feature",
      "geometry": {
        "type": "Point",
        "coordinates": [
          10.639182328002137,
          60.31164819857487
        ]
      },
      "properties": {
        "name": "Roa",
        "eier": "STATNETT SF",
        "spenning_kV": "",
        "id": ""
      }
    },
    {
      "type": "Feature",
      "geometry": {
        "type": "Point",
        "coordinates": [
          10.576980949336205,
          60.288576330942576
        ]
      },
      "properties": {
        "name": "Hadeland",
        "eier": "STATNETT SF",
        "spenning_kV": "",
        "id": ""
      }
    },
    {
      "type": "Feature",
      "geometry": {
        "type": "Point",
        "coordinates": [
          9.06989593808109,
          60.60608483923629
        ]
      },
      "properties": {
        "name": "Nesbyen",
        "eier": "STATNETT SF",
        "spenning_kV": "",
        "id": ""
      }
    },
    {
      "type": "Feature",
      "geometry": {
        "type": "Point",
        "coordinates": [
          30.148068718315987,
          69.65140814025771
        ]
      },
      "properties": {
        "name": "Boris Gleb",
        "eier": "STATNETT SF",
        "spenning_kV": "",
        "id": ""
      }
    },
    {
      "type": "Feature",
      "geometry": {
        "type": "Point",
        "coordinates": [
          6.016001342157958,
          61.44562875661882
        ]
      },
      "properties": {
        "name": "Moskog",
        "eier": "STATNETT SF",
        "spenning_kV": "",
        "id": ""
      }
    },
    {
      "type": "Feature",
      "geometry": {
        "type": "Point",
        "coordinates": [
          6.636105525234994,
          62.375449169366945
        ]
      },
      "properties": {
        "name": "Sykkylven",
        "eier": "STATNETT SF",
        "spenning_kV": "",
        "id": ""
      }
    },
    {
      "type": "Feature",
      "geometry": {
        "type": "Point",
        "coordinates": [
          6.260062457511067,
          62.15724497100848
        ]
      },
      "properties": {
        "name": "Ørsta",
        "eier": "STATNETT SF",
        "spenning_kV": "",
        "id": ""
      }
    },
    {
      "type": "Feature",
      "geometry": {
        "type": "Point",
        "coordinates": [
          5.5488066910014755,
          61.82885971909765
        ]
      },
      "properties": {
        "name": "Ålfoten",
        "eier": "STATNETT SF",
        "spenning_kV": "",
        "id": ""
      }
    },
    {
      "type": "Feature",
      "geometry": {
        "type": "Point",
        "coordinates": [
          6.151648331818949,
          61.2442706937049
        ]
      },
      "properties": {
        "name": "Høyanger",
        "eier": "STATNETT SF",
        "spenning_kV": "",
        "id": ""
      }
    },
    {
      "type": "Feature",
      "geometry": {
        "type": "Point",
        "coordinates": [
          7.021815549218685,
          61.21842528183885
        ]
      },
      "properties": {
        "name": "Sogndal",
        "eier": "STATNETT SF",
        "spenning_kV": "",
        "id": ""
      }
    },
    {
      "type": "Feature",
      "geometry": {
        "type": "Point",
        "coordinates": [
          8.68593312573245,
          63.409277457021425
        ]
      },
      "properties": {
        "name": "Reservekraftverk Tjeldbergodden",
        "eier": "STATNETT SF",
        "spenning_kV": "",
        "id": ""
      }
    },
    {
      "type": "Feature",
      "geometry": {
        "type": "Point",
        "coordinates": [
          8.167488780034512,
          58.12900523030599
        ]
      },
      "properties": {
        "name": "Kvarenes",
        "eier": "STATNETT SF",
        "spenning_kV": "",
        "id": ""
      }
    },
    {
      "type": "Feature",
      "geometry": {
        "type": "Point",
        "coordinates": [
          8.26571830933662,
          58.167133587255904
        ]
      },
      "properties": {
        "name": "Grosøya",
        "eier": "STATNETT SF",
        "spenning_kV": "",
        "id": ""
      }
    },
    {
      "type": "Feature",
      "geometry": {
        "type": "Point",
        "coordinates": [
          6.868541304224255,
          58.28260465913834
        ]
      },
      "properties": {
        "name": "Feda",
        "eier": "STATNETT SF",
        "spenning_kV": "",
        "id": ""
      }
    },
    {
      "type": "Feature",
      "geometry": {
        "type": "Point",
        "coordinates": [
          10.478924373426194,
          59.343121339744776
        ]
      },
      "properties": {
        "name": "Teigen",
        "eier": "STATNETT SF",
        "spenning_kV": "",
        "id": ""
      }
    },
    {
      "type": "Feature",
      "geometry": {
        "type": "Point",
        "coordinates": [
          10.648843161960615,
          59.577144883231355
        ]
      },
      "properties": {
        "name": "Brenntangen Nord",
        "eier": "STATNETT SF",
        "spenning_kV": "",
        "id": ""
      }
    },
    {
      "type": "Feature",
      "geometry": {
        "type": "Point",
        "coordinates": [
          10.648608457812474,
          59.575842738108506
        ]
      },
      "properties": {
        "name": "Brenntangen Sør",
        "eier": "STATNETT SF",
        "spenning_kV": "",
        "id": ""
      }
    },
    {
      "type": "Feature",
      "geometry": {
        "type": "Point",
        "coordinates": [
          10.617556464852434,
          59.58131317065972
        ]
      },
      "properties": {
        "name": "Filtvet",
        "eier": "STATNETT SF",
        "spenning_kV": "",
        "id": ""
      }
    },
    {
      "type": "Feature",
      "geometry": {
        "type": "Point",
        "coordinates": [
          10.616941671892976,
          59.59168583825916
        ]
      },
      "properties": {
        "name": "Solberg",
        "eier": "STATNETT SF",
        "spenning_kV": "",
        "id": ""
      }
    },
    {
      "type": "Feature",
      "geometry": {
        "type": "Point",
        "coordinates": [
          16.095688768529932,
          68.35544662342775
        ]
      },
      "properties": {
        "name": "Barøy",
        "eier": "STATNETT SF",
        "spenning_kV": "",
        "id": ""
      }
    },
    {
      "type": "Feature",
      "geometry": {
        "type": "Point",
        "coordinates": [
          15.967429603825035,
          68.4013904488685
        ]
      },
      "properties": {
        "name": "Lødingen",
        "eier": "STATNETT SF",
        "spenning_kV": "",
        "id": ""
      }
    },
    {
      "type": "Feature",
      "geometry": {
        "type": "Point",
        "coordinates": [
          17.489073064927386,
          68.45237028844112
        ]
      },
      "properties": {
        "name": "Karistrand",
        "eier": "STATNETT SF",
        "spenning_kV": "",
        "id": ""
      }
    },
    {
      "type": "Feature",
      "geometry": {
        "type": "Point",
        "coordinates": [
          17.4864518235475,
          68.46717473352
        ]
      },
      "properties": {
        "name": "Øyjord",
        "eier": "STATNETT SF",
        "spenning_kV": "",
        "id": ""
      }
    },
    {
      "type": "Feature",
      "geometry": {
        "type": "Point",
        "coordinates": [
          10.663601411976394,
          59.36525305983385
        ]
      },
      "properties": {
        "name": "Evje",
        "eier": "STATNETT SF",
        "spenning_kV": "",
        "id": ""
      }
    },
    {
      "type": "Feature",
      "geometry": {
        "type": "Point",
        "coordinates": [
          11.414132555861778,
          59.1238664705991
        ]
      },
      "properties": {
        "name": "Halden",
        "eier": "STATNETT SF",
        "spenning_kV": "",
        "id": ""
      }
    },
    {
      "type": "Feature",
      "geometry": {
        "type": "Point",
        "coordinates": [
          11.155002361910748,
          59.31418458831606
        ]
      },
      "properties": {
        "name": "Hasle",
        "eier": "STATNETT SF",
        "spenning_kV": "",
        "id": ""
      }
    },
    {
      "type": "Feature",
      "geometry": {
        "type": "Point",
        "coordinates": [
          10.739130093358563,
          59.51613729743573
        ]
      },
      "properties": {
        "name": "Tegneby",
        "eier": "STATNETT SF",
        "spenning_kV": "",
        "id": ""
      }
    },
    {
      "type": "Feature",
      "geometry": {
        "type": "Point",
        "coordinates": [
          10.933815002161605,
          59.93022509273238
        ]
      },
      "properties": {
        "name": "Røykås",
        "eier": "STATNETT SF",
        "spenning_kV": "",
        "id": ""
      }
    },
    {
      "type": "Feature",
      "geometry": {
        "type": "Point",
        "coordinates": [
          11.134150019259742,
          60.00572636988464
        ]
      },
      "properties": {
        "name": "Frogner",
        "eier": "STATNETT SF",
        "spenning_kV": "",
        "id": ""
      }
    },
    {
      "type": "Feature",
      "geometry": {
        "type": "Point",
        "coordinates": [
          10.782531362357613,
          59.728692588105545
        ]
      },
      "properties": {
        "name": "Follo",
        "eier": "STATNETT SF",
        "spenning_kV": "",
        "id": ""
      }
    },
    {
      "type": "Feature",
      "geometry": {
        "type": "Point",
        "coordinates": [
          11.23225786640332,
          60.3887736099228
        ]
      },
      "properties": {
        "name": "Minne",
        "eier": "STATNETT SF",
        "spenning_kV": "",
        "id": ""
      }
    },
    {
      "type": "Feature",
      "geometry": {
        "type": "Point",
        "coordinates": [
          30.03403130535382,
          69.72270354519604
        ]
      },
      "properties": {
        "name": "Kirkenes",
        "eier": "STATNETT SF",
        "spenning_kV": "",
        "id": ""
      }
    },
    {
      "type": "Feature",
      "geometry": {
        "type": "Point",
        "coordinates": [
          28.541513688936508,
          70.17148121337218
        ]
      },
      "properties": {
        "name": "Varangerbotn",
        "eier": "STATNETT SF",
        "spenning_kV": "",
        "id": ""
      }
    },
    {
      "type": "Feature",
      "geometry": {
        "type": "Point",
        "coordinates": [
          28.187652968224462,
          70.19455675780704
        ]
      },
      "properties": {
        "name": "Tana Bru",
        "eier": "STATNETT SF",
        "spenning_kV": "",
        "id": ""
      }
    },
    {
      "type": "Feature",
      "geometry": {
        "type": "Point",
        "coordinates": [
          26.69570593169768,
          70.40972446638716
        ]
      },
      "properties": {
        "name": "Adamselv",
        "eier": "STATNETT SF",
        "spenning_kV": "",
        "id": ""
      }
    },
    {
      "type": "Feature",
      "geometry": {
        "type": "Point",
        "coordinates": [
          24.97395221182192,
          70.00337356696902
        ]
      },
      "properties": {
        "name": "Lakselv",
        "eier": "STATNETT SF",
        "spenning_kV": "",
        "id": ""
      }
    },
    {
      "type": "Feature",
      "geometry": {
        "type": "Point",
        "coordinates": [
          23.782985961205103,
          69.72466620128925
        ]
      },
      "properties": {
        "name": "Alta kraftverk",
        "eier": "STATNETT SF",
        "spenning_kV": "",
        "id": ""
      }
    },
    {
      "type": "Feature",
      "geometry": {
        "type": "Point",
        "coordinates": [
          24.54246513286043,
          70.43326695140196
        ]
      },
      "properties": {
        "name": "Skaidi",
        "eier": "STATNETT SF",
        "spenning_kV": "",
        "id": ""
      }
    },
    {
      "type": "Feature",
      "geometry": {
        "type": "Point",
        "coordinates": [
          23.373583920612674,
          69.95167934040921
        ]
      },
      "properties": {
        "name": "Alta",
        "eier": "STATNETT SF",
        "spenning_kV": "",
        "id": ""
      }
    },
    {
      "type": "Feature",
      "geometry": {
        "type": "Point",
        "coordinates": [
          29.694316179170773,
          69.3741986307866
        ]
      },
      "properties": {
        "name": "Skogfoss",
        "eier": "STATNETT SF",
        "spenning_kV": "",
        "id": ""
      }
    },
    {
      "type": "Feature",
      "geometry": {
        "type": "Point",
        "coordinates": [
          21.31375846818492,
          69.62229379634766
        ]
      },
      "properties": {
        "name": "Nordreisa",
        "eier": "STATNETT SF",
        "spenning_kV": "",
        "id": ""
      }
    },
    {
      "type": "Feature",
      "geometry": {
        "type": "Point",
        "coordinates": [
          19.205444381098022,
          69.19029237717892
        ]
      },
      "properties": {
        "name": "Balsfjord",
        "eier": "STATNETT SF",
        "spenning_kV": "",
        "id": ""
      }
    },
    {
      "type": "Feature",
      "geometry": {
        "type": "Point",
        "coordinates": [
          18.88389672285687,
          69.33782335624716
        ]
      },
      "properties": {
        "name": "Mestervik",
        "eier": "STATNETT SF",
        "spenning_kV": "",
        "id": ""
      }
    },
    {
      "type": "Feature",
      "geometry": {
        "type": "Point",
        "coordinates": [
          18.593036553324637,
          69.03445621617898
        ]
      },
      "properties": {
        "name": "Bardufoss",
        "eier": "STATNETT SF",
        "spenning_kV": "",
        "id": ""
      }
    },
    {
      "type": "Feature",
      "geometry": {
        "type": "Point",
        "coordinates": [
          17.610520177877387,
          68.57723024132423
        ]
      },
      "properties": {
        "name": "Kvandal",
        "eier": "STATNETT SF",
        "spenning_kV": "",
        "id": ""
      }
    },
    {
      "type": "Feature",
      "geometry": {
        "type": "Point",
        "coordinates": [
          15.384255290638405,
          68.71201707428938
        ]
      },
      "properties": {
        "name": "Sortland",
        "eier": "STATNETT SF",
        "spenning_kV": "",
        "id": ""
      }
    },
    {
      "type": "Feature",
      "geometry": {
        "type": "Point",
        "coordinates": [
          15.499998046797268,
          68.68322892720386
        ]
      },
      "properties": {
        "name": "Hinnøy",
        "eier": "STATNETT SF",
        "spenning_kV": "",
        "id": ""
      }
    },
    {
      "type": "Feature",
      "geometry": {
        "type": "Point",
        "coordinates": [
          16.509272809578018,
          68.71518379313869
        ]
      },
      "properties": {
        "name": "Kilbotn",
        "eier": "STATNETT SF",
        "spenning_kV": "",
        "id": ""
      }
    },
    {
      "type": "Feature",
      "geometry": {
        "type": "Point",
        "coordinates": [
          16.598320819508007,
          68.62956933235577
        ]
      },
      "properties": {
        "name": "Kvitnes",
        "eier": "STATNETT SF",
        "spenning_kV": "",
        "id": ""
      }
    },
    {
      "type": "Feature",
      "geometry": {
        "type": "Point",
        "coordinates": [
          15.88113793225987,
          68.50678650719334
        ]
      },
      "properties": {
        "name": "Kanstadbotn",
        "eier": "STATNETT SF",
        "spenning_kV": "",
        "id": ""
      }
    },
    {
      "type": "Feature",
      "geometry": {
        "type": "Point",
        "coordinates": [
          17.36027661729794,
          68.20381329302154
        ]
      },
      "properties": {
        "name": "Skjomen",
        "eier": "STATNETT SF",
        "spenning_kV": "",
        "id": ""
      }
    },
    {
      "type": "Feature",
      "geometry": {
        "type": "Point",
        "coordinates": [
          16.733262943348947,
          68.26123906335339
        ]
      },
      "properties": {
        "name": "Ballangen",
        "eier": "STATNETT SF",
        "spenning_kV": "",
        "id": ""
      }
    },
    {
      "type": "Feature",
      "geometry": {
        "type": "Point",
        "coordinates": [
          17.5588479489978,
          68.15884964617784
        ]
      },
      "properties": {
        "name": "Ofoten",
        "eier": "STATNETT SF",
        "spenning_kV": "",
        "id": ""
      }
    },
    {
      "type": "Feature",
      "geometry": {
        "type": "Point",
        "coordinates": [
          17.46294883051841,
          68.44415336250705
        ]
      },
      "properties": {
        "name": "Narvik",
        "eier": "STATNETT SF",
        "spenning_kV": "",
        "id": ""
      }
    },
    {
      "type": "Feature",
      "geometry": {
        "type": "Point",
        "coordinates": [
          17.79711982603695,
          68.40949109809038
        ]
      },
      "properties": {
        "name": "Sildvik",
        "eier": "STATNETT SF",
        "spenning_kV": "",
        "id": ""
      }
    },
    {
      "type": "Feature",
      "geometry": {
        "type": "Point",
        "coordinates": [
          13.912006204116398,
          66.72961646018842
        ]
      },
      "properties": {
        "name": "Svartisen",
        "eier": "STATNETT SF",
        "spenning_kV": "",
        "id": ""
      }
    },
    {
      "type": "Feature",
      "geometry": {
        "type": "Point",
        "coordinates": [
          15.714227350783254,
          67.32567620439934
        ]
      },
      "properties": {
        "name": "Salten",
        "eier": "STATNETT SF",
        "spenning_kV": "",
        "id": ""
      }
    },
    {
      "type": "Feature",
      "geometry": {
        "type": "Point",
        "coordinates": [
          14.264233821003739,
          66.30319686797459
        ]
      },
      "properties": {
        "name": "Rana",
        "eier": "STATNETT SF",
        "spenning_kV": "",
        "id": ""
      }
    },
    {
      "type": "Feature",
      "geometry": {
        "type": "Point",
        "coordinates": [
          13.783520594576954,
          66.05121635919133
        ]
      },
      "properties": {
        "name": "Nedre Røssåga",
        "eier": "STATNETT SF",
        "spenning_kV": "",
        "id": ""
      }
    },
    {
      "type": "Feature",
      "geometry": {
        "type": "Point",
        "coordinates": [
          13.290265705683845,
          65.85201584662478
        ]
      },
      "properties": {
        "name": "Marka",
        "eier": "STATNETT SF",
        "spenning_kV": "",
        "id": ""
      }
    },
    {
      "type": "Feature",
      "geometry": {
        "type": "Point",
        "coordinates": [
          13.428310706675937,
          65.5346254238505
        ]
      },
      "properties": {
        "name": "Trofors",
        "eier": "STATNETT SF",
        "spenning_kV": "",
        "id": ""
      }
    },
    {
      "type": "Feature",
      "geometry": {
        "type": "Point",
        "coordinates": [
          13.226227764481308,
          64.98673837685435
        ]
      },
      "properties": {
        "name": "Namsskogan",
        "eier": "STATNETT SF",
        "spenning_kV": "",
        "id": ""
      }
    },
    {
      "type": "Feature",
      "geometry": {
        "type": "Point",
        "coordinates": [
          12.79225446474407,
          65.20440512867613
        ]
      },
      "properties": {
        "name": "Kolsvik",
        "eier": "STATNETT SF",
        "spenning_kV": "",
        "id": ""
      }
    },
    {
      "type": "Feature",
      "geometry": {
        "type": "Point",
        "coordinates": [
          12.834872400721109,
          64.70377582917814
        ]
      },
      "properties": {
        "name": "Tunnsjødal",
        "eier": "STATNETT SF",
        "spenning_kV": "",
        "id": ""
      }
    },
    {
      "type": "Feature",
      "geometry": {
        "type": "Point",
        "coordinates": [
          23.802119476632374,
          69.71959419126219
        ]
      },
      "properties": {
        "name": "Sautso",
        "eier": "STATNETT SF",
        "spenning_kV": "",
        "id": ""
      }
    },
    {
      "type": "Feature",
      "geometry": {
        "type": "Point",
        "coordinates": [
          11.776188160014152,
          64.47814979724681
        ]
      },
      "properties": {
        "name": "Namsos",
        "eier": "STATNETT SF",
        "spenning_kV": "",
        "id": ""
      }
    },
    {
      "type": "Feature",
      "geometry": {
        "type": "Point",
        "coordinates": [
          11.619943745006125,
          64.02777214324936
        ]
      },
      "properties": {
        "name": "Ogndal",
        "eier": "STATNETT SF",
        "spenning_kV": "",
        "id": ""
      }
    },
    {
      "type": "Feature",
      "geometry": {
        "type": "Point",
        "coordinates": [
          11.504399349012214,
          63.753049167838505
        ]
      },
      "properties": {
        "name": "Verdal",
        "eier": "STATNETT SF",
        "spenning_kV": "",
        "id": ""
      }
    },
    {
      "type": "Feature",
      "geometry": {
        "type": "Point",
        "coordinates": [
          11.00394866912433,
          63.44784377171784
        ]
      },
      "properties": {
        "name": "Eidum",
        "eier": "STATNETT SF",
        "spenning_kV": "",
        "id": ""
      }
    },
    {
      "type": "Feature",
      "geometry": {
        "type": "Point",
        "coordinates": [
          10.438730913640345,
          63.39176249622272
        ]
      },
      "properties": {
        "name": "Strinda",
        "eier": "STATNETT SF",
        "spenning_kV": "",
        "id": ""
      }
    },
    {
      "type": "Feature",
      "geometry": {
        "type": "Point",
        "coordinates": [
          10.417150767070545,
          63.326583705287625
        ]
      },
      "properties": {
        "name": "Klæbu",
        "eier": "STATNETT SF",
        "spenning_kV": "",
        "id": ""
      }
    },
    {
      "type": "Feature",
      "geometry": {
        "type": "Point",
        "coordinates": [
          16.179854060600608,
          68.51237625733532
        ]
      },
      "properties": {
        "name": "Dragland",
        "eier": "STATNETT SF",
        "spenning_kV": "",
        "id": ""
      }
    },
    {
      "type": "Feature",
      "geometry": {
        "type": "Point",
        "coordinates": [
          16.1255736445205,
          68.51642917137539
        ]
      },
      "properties": {
        "name": "Fiskeøya",
        "eier": "STATNETT SF",
        "spenning_kV": "",
        "id": ""
      }
    },
    {
      "type": "Feature",
      "geometry": {
        "type": "Point",
        "coordinates": [
          9.59536043235527,
          59.04044768954035
        ]
      },
      "properties": {
        "name": "Bamble",
        "eier": "STATNETT SF",
        "spenning_kV": "",
        "id": ""
      }
    },
    {
      "type": "Feature",
      "geometry": {
        "type": "Point",
        "coordinates": [
          9.474554208437468,
          59.12853724670371
        ]
      },
      "properties": {
        "name": "Grenland",
        "eier": "STATNETT SF",
        "spenning_kV": "",
        "id": ""
      }
    },
    {
      "type": "Feature",
      "geometry": {
        "type": "Point",
        "coordinates": [
          8.728940980442308,
          58.58813482015509
        ]
      },
      "properties": {
        "name": "Arendal",
        "eier": "STATNETT SF",
        "spenning_kV": "",
        "id": ""
      }
    },
    {
      "type": "Feature",
      "geometry": {
        "type": "Point",
        "coordinates": [
          15.040725893990116,
          68.5854748179492
        ]
      },
      "properties": {
        "name": "Skagen",
        "eier": "STATNETT SF",
        "spenning_kV": "",
        "id": ""
      }
    },
    {
      "type": "Feature",
      "geometry": {
        "type": "Point",
        "coordinates": [
          14.851696268269114,
          68.51059989526128
        ]
      },
      "properties": {
        "name": "Melbu",
        "eier": "STATNETT SF",
        "spenning_kV": "",
        "id": ""
      }
    },
    {
      "type": "Feature",
      "geometry": {
        "type": "Point",
        "coordinates": [
          14.650840114178015,
          68.3268824381468
        ]
      },
      "properties": {
        "name": "Kvitfossen",
        "eier": "STATNETT SF",
        "spenning_kV": "",
        "id": ""
      }
    },
    {
      "type": "Feature",
      "geometry": {
        "type": "Point",
        "coordinates": [
          6.112243510646429,
          60.656423704115035
        ]
      },
      "properties": {
        "name": "Evanger",
        "eier": "STATNETT SF",
        "spenning_kV": "",
        "id": ""
      }
    },
    {
      "type": "Feature",
      "geometry": {
        "type": "Point",
        "coordinates": [
          5.811792625446461,
          60.58169535586398
        ]
      },
      "properties": {
        "name": "Dale",
        "eier": "STATNETT SF",
        "spenning_kV": "",
        "id": ""
      }
    },
    {
      "type": "Feature",
      "geometry": {
        "type": "Point",
        "coordinates": [
          5.455730413474385,
          60.39432395819491
        ]
      },
      "properties": {
        "name": "Arna",
        "eier": "STATNETT SF",
        "spenning_kV": "",
        "id": ""
      }
    },
    {
      "type": "Feature",
      "geometry": {
        "type": "Point",
        "coordinates": [
          5.343622122093163,
          60.28697354078328
        ]
      },
      "properties": {
        "name": "Fana",
        "eier": "STATNETT SF",
        "spenning_kV": "",
        "id": ""
      }
    },
    {
      "type": "Feature",
      "geometry": {
        "type": "Point",
        "coordinates": [
          6.011916598576386,
          60.88825309160812
        ]
      },
      "properties": {
        "name": "Modalen",
        "eier": "STATNETT SF",
        "spenning_kV": "",
        "id": ""
      }
    },
    {
      "type": "Feature",
      "geometry": {
        "type": "Point",
        "coordinates": [
          5.652175122434436,
          58.96307494730643
        ]
      },
      "properties": {
        "name": "Stølaheia",
        "eier": "STATNETT SF",
        "spenning_kV": "",
        "id": ""
      }
    },
    {
      "type": "Feature",
      "geometry": {
        "type": "Point",
        "coordinates": [
          5.6942044433476475,
          58.88298798126405
        ]
      },
      "properties": {
        "name": "Bærheim",
        "eier": "STATNETT SF",
        "spenning_kV": "",
        "id": ""
      }
    },
    {
      "type": "Feature",
      "geometry": {
        "type": "Point",
        "coordinates": [
          5.734308210297521,
          58.815454663346706
        ]
      },
      "properties": {
        "name": "Stokkeland",
        "eier": "STATNETT SF",
        "spenning_kV": "",
        "id": ""
      }
    },
    {
      "type": "Feature",
      "geometry": {
        "type": "Point",
        "coordinates": [
          6.032866090851344,
          58.49484021654202
        ]
      },
      "properties": {
        "name": "Kjelland",
        "eier": "STATNETT SF",
        "spenning_kV": "",
        "id": ""
      }
    },
    {
      "type": "Feature",
      "geometry": {
        "type": "Point",
        "coordinates": [
          6.454142708407659,
          58.294992234565775
        ]
      },
      "properties": {
        "name": "Åna-Sira",
        "eier": "STATNETT SF",
        "spenning_kV": "",
        "id": ""
      }
    },
    {
      "type": "Feature",
      "geometry": {
        "type": "Point",
        "coordinates": [
          6.724858194712069,
          58.6579490141775
        ]
      },
      "properties": {
        "name": "Tonstad",
        "eier": "STATNETT SF",
        "spenning_kV": "",
        "id": ""
      }
    },
    {
      "type": "Feature",
      "geometry": {
        "type": "Point",
        "coordinates": [
          7.011021856054982,
          58.77467910939187
        ]
      },
      "properties": {
        "name": "Solhom",
        "eier": "STATNETT SF",
        "spenning_kV": "",
        "id": ""
      }
    },
    {
      "type": "Feature",
      "geometry": {
        "type": "Point",
        "coordinates": [
          6.815422171729176,
          58.879543402866794
        ]
      },
      "properties": {
        "name": "Tjørhom",
        "eier": "STATNETT SF",
        "spenning_kV": "",
        "id": ""
      }
    },
    {
      "type": "Feature",
      "geometry": {
        "type": "Point",
        "coordinates": [
          7.087874725405376,
          58.9311903827209
        ]
      },
      "properties": {
        "name": "Kvinen",
        "eier": "STATNETT SF",
        "spenning_kV": "",
        "id": ""
      }
    },
    {
      "type": "Feature",
      "geometry": {
        "type": "Point",
        "coordinates": [
          7.0862361333361,
          59.02523194196235
        ]
      },
      "properties": {
        "name": "Roskrepp",
        "eier": "STATNETT SF",
        "spenning_kV": "",
        "id": ""
      }
    },
    {
      "type": "Feature",
      "geometry": {
        "type": "Point",
        "coordinates": [
          6.894718720783191,
          59.12567303584304
        ]
      },
      "properties": {
        "name": "Duge",
        "eier": "STATNETT SF",
        "spenning_kV": "",
        "id": ""
      }
    },
    {
      "type": "Feature",
      "geometry": {
        "type": "Point",
        "coordinates": [
          5.765852372375921,
          59.862784738615105
        ]
      },
      "properties": {
        "name": "Husnes",
        "eier": "STATNETT SF",
        "spenning_kV": "",
        "id": ""
      }
    },
    {
      "type": "Feature",
      "geometry": {
        "type": "Point",
        "coordinates": [
          7.3029424833270165,
          60.86276001175073
        ]
      },
      "properties": {
        "name": "Aurland 1",
        "eier": "STATNETT SF",
        "spenning_kV": "",
        "id": ""
      }
    },
    {
      "type": "Feature",
      "geometry": {
        "type": "Point",
        "coordinates": [
          7.566487449094709,
          60.78844190958489
        ]
      },
      "properties": {
        "name": "Aurland 3",
        "eier": "STATNETT SF",
        "spenning_kV": "",
        "id": ""
      }
    },
    {
      "type": "Feature",
      "geometry": {
        "type": "Point",
        "coordinates": [
          7.3643273081241665,
          60.81112188766246
        ]
      },
      "properties": {
        "name": "Aurland 2",
        "eier": "STATNETT SF",
        "spenning_kV": "",
        "id": ""
      }
    },
    {
      "type": "Feature",
      "geometry": {
        "type": "Point",
        "coordinates": [
          8.18357737756849,
          60.625915661157144
        ]
      },
      "properties": {
        "name": "Hol 1",
        "eier": "STATNETT SF",
        "spenning_kV": "",
        "id": ""
      }
    },
    {
      "type": "Feature",
      "geometry": {
        "type": "Point",
        "coordinates": [
          8.411500330900932,
          60.57438123211779
        ]
      },
      "properties": {
        "name": "Usta",
        "eier": "STATNETT SF",
        "spenning_kV": "",
        "id": ""
      }
    },
    {
      "type": "Feature",
      "geometry": {
        "type": "Point",
        "coordinates": [
          8.971365030928066,
          60.705334185785304
        ]
      },
      "properties": {
        "name": "Hemsil 2",
        "eier": "STATNETT SF",
        "spenning_kV": "",
        "id": ""
      }
    },
    {
      "type": "Feature",
      "geometry": {
        "type": "Point",
        "coordinates": [
          8.641168259835357,
          60.80779350224567
        ]
      },
      "properties": {
        "name": "Hemsil 1",
        "eier": "STATNETT SF",
        "spenning_kV": "",
        "id": ""
      }
    },
    {
      "type": "Feature",
      "geometry": {
        "type": "Point",
        "coordinates": [
          6.555889892484202,
          60.12245537361866
        ]
      },
      "properties": {
        "name": "Oksla",
        "eier": "STATNETT SF",
        "spenning_kV": "",
        "id": ""
      }
    },
    {
      "type": "Feature",
      "geometry": {
        "type": "Point",
        "coordinates": [
          20.35862588878131,
          69.3152298401199
        ]
      },
      "properties": {
        "name": "Skibotn",
        "eier": "STATNETT SF",
        "spenning_kV": "",
        "id": ""
      }
    },
    {
      "type": "Feature",
      "geometry": {
        "type": "Point",
        "coordinates": [
          20.91833051048139,
          69.46031254568068
        ]
      },
      "properties": {
        "name": "Guolasjokka",
        "eier": "STATNETT SF",
        "spenning_kV": "",
        "id": ""
      }
    },
    {
      "type": "Feature",
      "geometry": {
        "type": "Point",
        "coordinates": [
          30.004647794905058,
          69.66658124981214
        ]
      },
      "properties": {
        "name": "Bjørnevatn",
        "eier": "STATNETT SF",
        "spenning_kV": "",
        "id": ""
      }
    },
    {
      "type": "Feature",
      "geometry": {
        "type": "Point",
        "coordinates": [
          6.864130497305444,
          62.475200780609114
        ]
      },
      "properties": {
        "name": "Giskemo",
        "eier": "STATNETT SF",
        "spenning_kV": "",
        "id": ""
      }
    },
    {
      "type": "Feature",
      "geometry": {
        "type": "Point",
        "coordinates": [
          5.132444646511292,
          60.36566736929424
        ]
      },
      "properties": {
        "name": "Litle Sotra",
        "eier": "STATNETT SF",
        "spenning_kV": "",
        "id": ""
      }
    },
    {
      "type": "Feature",
      "geometry": {
        "type": "Point",
        "coordinates": [
          4.844413605586241,
          60.55067362616698
        ]
      },
      "properties": {
        "name": "Kollsnes",
        "eier": "STATNETT SF",
        "spenning_kV": "",
        "id": ""
      }
    },
    {
      "type": "Feature",
      "geometry": {
        "type": "Point",
        "coordinates": [
          4.869600050800923,
          60.54852932353809
        ]
      },
      "properties": {
        "name": "N.Blomøy",
        "eier": "STATNETT SF",
        "spenning_kV": "",
        "id": ""
      }
    },
    {
      "type": "Feature",
      "geometry": {
        "type": "Point",
        "coordinates": [
          4.969163396580966,
          60.439452890701844
        ]
      },
      "properties": {
        "name": "Solsvik",
        "eier": "STATNETT SF",
        "spenning_kV": "",
        "id": ""
      }
    },
    {
      "type": "Feature",
      "geometry": {
        "type": "Point",
        "coordinates": [
          5.680080694250056,
          58.926199309441934
        ]
      },
      "properties": {
        "name": "Grannes",
        "eier": "STATNETT SF",
        "spenning_kV": "",
        "id": ""
      }
    },
    {
      "type": "Feature",
      "geometry": {
        "type": "Point",
        "coordinates": [
          5.662767765609595,
          58.941417291426404
        ]
      },
      "properties": {
        "name": "Madla",
        "eier": "STATNETT SF",
        "spenning_kV": "",
        "id": ""
      }
    },
    {
      "type": "Feature",
      "geometry": {
        "type": "Point",
        "coordinates": [
          6.845798904658028,
          58.27658035070142
        ]
      },
      "properties": {
        "name": "Kvinesdal",
        "eier": "STATNETT SF",
        "spenning_kV": "",
        "id": ""
      }
    },
    {
      "type": "Feature",
      "geometry": {
        "type": "Point",
        "coordinates": [
          6.75511131811346,
          58.67120329936556
        ]
      },
      "properties": {
        "name": "Ertsmyra",
        "eier": "STATNETT SF",
        "spenning_kV": "",
        "id": ""
      }
    },
    {
      "type": "Feature",
      "geometry": {
        "type": "Point",
        "coordinates": [
          9.009449515231264,
          62.99638663839059
        ]
      },
      "properties": {
        "name": "Surna",
        "eier": "STATNETT SF",
        "spenning_kV": "",
        "id": ""
      }
    },
    {
      "type": "Feature",
      "geometry": {
        "type": "Point",
        "coordinates": [
          9.60916086287106,
          63.399281290249945
        ]
      },
      "properties": {
        "name": "Snilldal",
        "eier": "STATNETT SF",
        "spenning_kV": "",
        "id": ""
      }
    },
    {
      "type": "Feature",
      "geometry": {
        "type": "Point",
        "coordinates": [
          10.2215649542643,
          63.89171386306289
        ]
      },
      "properties": {
        "name": "Åfjord",
        "eier": "STATNETT SF",
        "spenning_kV": "",
        "id": ""
      }
    },
    {
      "type": "Feature",
      "geometry": {
        "type": "Point",
        "coordinates": [
          10.540450622264826,
          64.16243480765309
        ]
      },
      "properties": {
        "name": "Hofstad",
        "eier": "STATNETT SF",
        "spenning_kV": "",
        "id": ""
      }
    },
    {
      "type": "Feature",
      "geometry": {
        "type": "Point",
        "coordinates": [
          7.020412078419316,
          58.767847491108306
        ]
      },
      "properties": {
        "name": "Fjotland",
        "eier": "STATNETT SF",
        "spenning_kV": "",
        "id": ""
      }
    },
    {
      "type": "Feature",
      "geometry": {
        "type": "Point",
        "coordinates": [
          6.678654017819632,
          58.26690314204499
        ]
      },
      "properties": {
        "name": "Vollesfjord",
        "eier": "STATNETT SF",
        "spenning_kV": "",
        "id": ""
      }
    },
    {
      "type": "Feature",
      "geometry": {
        "type": "Point",
        "coordinates": [
          7.476662837353998,
          58.68087614590343
        ]
      },
      "properties": {
        "name": "Honna",
        "eier": "STATNETT SF",
        "spenning_kV": "",
        "id": ""
      }
    },
    {
      "type": "Feature",
      "geometry": {
        "type": "Point",
        "coordinates": [
          5.527142526559735,
          60.88926497714842
        ]
      },
      "properties": {
        "name": "Haugsvær",
        "eier": "STATNETT SF",
        "spenning_kV": "",
        "id": ""
      }
    },
    {
      "type": "Feature",
      "geometry": {
        "type": "Point",
        "coordinates": [
          5.976744566685103,
          60.92651827265657
        ]
      },
      "properties": {
        "name": "Steinsland",
        "eier": "STATNETT SF",
        "spenning_kV": "",
        "id": ""
      }
    },
    {
      "type": "Feature",
      "geometry": {
        "type": "Point",
        "coordinates": [
          5.042206159111615,
          60.79545413563989
        ]
      },
      "properties": {
        "name": "Lindås",
        "eier": "STATNETT SF",
        "spenning_kV": "",
        "id": ""
      }
    },
    {
      "type": "Feature",
      "geometry": {
        "type": "Point",
        "coordinates": [
          4.877980583191206,
          60.559730799245884
        ]
      },
      "properties": {
        "name": "Ljøsøysundet",
        "eier": "STATNETT SF",
        "spenning_kV": "",
        "id": ""
      }
    },
    {
      "type": "Feature",
      "geometry": {
        "type": "Point",
        "coordinates": [
          4.952323995512094,
          60.68149503736906
        ]
      },
      "properties": {
        "name": "Kuvågen",
        "eier": "STATNETT SF",
        "spenning_kV": "",
        "id": ""
      }
    },
    {
      "type": "Feature",
      "geometry": {
        "type": "Point",
        "coordinates": [
          5.002376841903291,
          60.724528214752866
        ]
      },
      "properties": {
        "name": "Saltvika",
        "eier": "STATNETT SF",
        "spenning_kV": "",
        "id": ""
      }
    },
    {
      "type": "Feature",
      "geometry": {
        "type": "Point",
        "coordinates": [
          5.0500243291405384,
          60.77040754988748
        ]
      },
      "properties": {
        "name": "Mjåsundet",
        "eier": "STATNETT SF",
        "spenning_kV": "",
        "id": ""
      }
    },
    {
      "type": "Feature",
      "geometry": {
        "type": "Point",
        "coordinates": [
          5.663049823451186,
          58.94151486376058
        ]
      },
      "properties": {
        "name": "Madla",
        "eier": "STATNETT SF",
        "spenning_kV": "",
        "id": ""
      }
    },
    {
      "type": "Feature",
      "geometry": {
        "type": "Point",
        "coordinates": [
          5.680280275485776,
          58.9263410704575
        ]
      },
      "properties": {
        "name": "Grannes",
        "eier": "STATNETT SF",
        "spenning_kV": "",
        "id": ""
      }
    },
    {
      "type": "Feature",
      "geometry": {
        "type": "Point",
        "coordinates": [
          5.9210624003690056,
          58.589922468196484
        ]
      },
      "properties": {
        "name": "Bjerkreim",
        "eier": "STATNETT SF",
        "spenning_kV": "",
        "id": ""
      }
    },
    {
      "type": "Feature",
      "geometry": {
        "type": "Point",
        "coordinates": [
          5.053739457166546,
          60.802890048805345
        ]
      },
      "properties": {
        "name": "Mongstad",
        "eier": "STATNETT SF",
        "spenning_kV": "",
        "id": ""
      }
    },
    {
      "type": "Feature",
      "geometry": {
        "type": "Point",
        "coordinates": [
          5.1371694723590675,
          60.84031618102914
        ]
      },
      "properties": {
        "name": "Iledalsvågen",
        "eier": "STATNETT SF",
        "spenning_kV": "",
        "id": ""
      }
    },
    {
      "type": "Feature",
      "geometry": {
        "type": "Point",
        "coordinates": [
          15.987401376040973,
          67.63722379198826
        ]
      },
      "properties": {
        "name": "Kobbvatnet",
        "eier": "STATNETT SF",
        "spenning_kV": "",
        "id": ""
      }
    },
    {
      "type": "Feature",
      "geometry": {
        "type": "Point",
        "coordinates": [
          23.21682415859434,
          69.90425867901436
        ]
      },
      "properties": {
        "name": "Skillemoen",
        "eier": "STATNETT SF",
        "spenning_kV": "",
        "id": ""
      }
    },
    {
      "type": "Feature",
      "geometry": {
        "type": "Point",
        "coordinates": [
          21.311534715976126,
          69.6340134049526
        ]
      },
      "properties": {
        "name": "Vinnelys",
        "eier": "STATNETT SF",
        "spenning_kV": "",
        "id": ""
      }
    },
    {
      "type": "Feature",
      "geometry": {
        "type": "Point",
        "coordinates": [
          5.334879300860679,
          59.37899646000803
        ]
      },
      "properties": {
        "name": "Spanne",
        "eier": "STATNETT SF",
        "spenning_kV": "",
        "id": ""
      }
    },
    {
      "type": "Feature",
      "geometry": {
        "type": "Point",
        "coordinates": [
          5.413089127435466,
          59.78725774438767
        ]
      },
      "properties": {
        "name": "Stord",
        "eier": "STATNETT SF",
        "spenning_kV": "",
        "id": ""
      }
    },
    {
      "type": "Feature",
      "geometry": {
        "type": "Point",
        "coordinates": [
          5.509805004324104,
          59.8849418957809
        ]
      },
      "properties": {
        "name": "Børtveit",
        "eier": "STATNETT SF",
        "spenning_kV": "",
        "id": ""
      }
    },
    {
      "type": "Feature",
      "geometry": {
        "type": "Point",
        "coordinates": [
          5.738118595453425,
          59.87669972835286
        ]
      },
      "properties": {
        "name": "Bogsnes",
        "eier": "STATNETT SF",
        "spenning_kV": "",
        "id": ""
      }
    },
    {
      "type": "Feature",
      "geometry": {
        "type": "Point",
        "coordinates": [
          5.667781885925178,
          59.906631668363794
        ]
      },
      "properties": {
        "name": "Skollebuvik",
        "eier": "STATNETT SF",
        "spenning_kV": "",
        "id": ""
      }
    },
    {
      "type": "Feature",
      "geometry": {
        "type": "Point",
        "coordinates": [
          5.461709508636953,
          59.74811443154769
        ]
      },
      "properties": {
        "name": "Skjersholmane",
        "eier": "STATNETT SF",
        "spenning_kV": "",
        "id": ""
      }
    },
    {
      "type": "Feature",
      "geometry": {
        "type": "Point",
        "coordinates": [
          5.485593401096444,
          59.712052819991854
        ]
      },
      "properties": {
        "name": "Valevåg",
        "eier": "STATNETT SF",
        "spenning_kV": "",
        "id": ""
      }
    },
    {
      "type": "Feature",
      "geometry": {
        "type": "Point",
        "coordinates": [
          22.054014732372842,
          69.71973722449887
        ]
      },
      "properties": {
        "name": "Kvænangen",
        "eier": "STATNETT SF",
        "spenning_kV": "",
        "id": ""
      }
    },
    {
      "type": "Feature",
      "geometry": {
        "type": "Point",
        "coordinates": [
          11.676543857525568,
          60.24482656970169
        ]
      },
      "properties": {
        "name": "Skarnes",
        "eier": "STATNETT SF",
        "spenning_kV": "",
        "id": ""
      }
    },
    {
      "type": "Feature",
      "geometry": {
        "type": "Point",
        "coordinates": [
          11.97879049658229,
          60.19505259022498
        ]
      },
      "properties": {
        "name": "Kongsvinger",
        "eier": "STATNETT SF",
        "spenning_kV": "",
        "id": ""
      }
    },
    {
      "type": "Feature",
      "geometry": {
        "type": "Point",
        "coordinates": [
          12.15728272628762,
          59.975169532425824
        ]
      },
      "properties": {
        "name": "Eidskog",
        "eier": "STATNETT SF",
        "spenning_kV": "",
        "id": ""
      }
    },
    {
      "type": "Feature",
      "geometry": {
        "type": "Point",
        "coordinates": [
          14.990129993084773,
          68.55246253658893
        ]
      },
      "properties": {
        "name": "Stokmarknes",
        "eier": "STATNETT SF",
        "spenning_kV": "",
        "id": ""
      }
    },
    {
      "type": "Feature",
      "geometry": {
        "type": "Point",
        "coordinates": [
          16.66434238566892,
          68.53084871115593
        ]
      },
      "properties": {
        "name": "Boltås",
        "eier": "STATNETT SF",
        "spenning_kV": "",
        "id": ""
      }
    },
    {
      "type": "Feature",
      "geometry": {
        "type": "Point",
        "coordinates": [
          11.504021713061519,
          60.33597951080567
        ]
      },
      "properties": {
        "name": "Songkjølen",
        "eier": "STATNETT SF",
        "spenning_kV": "",
        "id": ""
      }
    },
    {
      "type": "Feature",
      "geometry": {
        "type": "Point",
        "coordinates": [
          7.9869434706458655,
          59.47554346518009
        ]
      },
      "properties": {
        "name": "Eidsborg",
        "eier": "STATNETT SF",
        "spenning_kV": "",
        "id": ""
      }
    },
    {
      "type": "Feature",
      "geometry": {
        "type": "Point",
        "coordinates": [
          8.62991573164179,
          59.5009460636456
        ]
      },
      "properties": {
        "name": "Flatin",
        "eier": "STATNETT SF",
        "spenning_kV": "",
        "id": ""
      }
    },
    {
      "type": "Feature",
      "geometry": {
        "type": "Point",
        "coordinates": [
          29.115684804942727,
          70.00850465344871
        ]
      },
      "properties": {
        "name": "Gandvik",
        "eier": "STATNETT SF",
        "spenning_kV": "",
        "id": ""
      }
    },
    {
      "type": "Feature",
      "geometry": {
        "type": "Point",
        "coordinates": [
          16.371657627689597,
          68.7183826095545
        ]
      },
      "properties": {
        "name": "Gråheia",
        "eier": "STATNETT SF",
        "spenning_kV": "",
        "id": ""
      }
    },
    {
      "type": "Feature",
      "geometry": {
        "type": "Point",
        "coordinates": [
          8.262577419437788,
          60.61124990712199
        ]
      },
      "properties": {
        "name": "Hol 2",
        "eier": "STATNETT SF",
        "spenning_kV": "",
        "id": ""
      }
    },
    {
      "type": "Feature",
      "geometry": {
        "type": "Point",
        "coordinates": [
          18.424338749720878,
          68.88423947256456
        ]
      },
      "properties": {
        "name": "Langskråbekken",
        "eier": "STATNETT SF",
        "spenning_kV": "",
        "id": ""
      }
    },
    {
      "type": "Feature",
      "geometry": {
        "type": "Point",
        "coordinates": [
          29.742793111912825,
          69.41321707219251
        ]
      },
      "properties": {
        "name": "Melkefoss",
        "eier": "STATNETT SF",
        "spenning_kV": "",
        "id": ""
      }
    },
    {
      "type": "Feature",
      "geometry": {
        "type": "Point",
        "coordinates": [
          29.350117126133203,
          69.70363223580885
        ]
      },
      "properties": {
        "name": "Neiden",
        "eier": "STATNETT SF",
        "spenning_kV": "",
        "id": ""
      }
    },
    {
      "type": "Feature",
      "geometry": {
        "type": "Point",
        "coordinates": [
          7.105994796722266,
          61.285017355757695
        ]
      },
      "properties": {
        "name": "Nuken",
        "eier": "STATNETT SF",
        "spenning_kV": "",
        "id": ""
      }
    },
    {
      "type": "Feature",
      "geometry": {
        "type": "Point",
        "coordinates": [
          18.601216255113137,
          69.17847493694352
        ]
      },
      "properties": {
        "name": "Fossbakken",
        "eier": "STATNETT SF",
        "spenning_kV": "",
        "id": ""
      }
    },
    {
      "type": "Feature",
      "geometry": {
        "type": "Point",
        "coordinates": [
          8.131260361707596,
          62.676910924468864
        ]
      },
      "properties": {
        "name": "Fagersletta",
        "eier": "STATNETT SF",
        "spenning_kV": "",
        "id": ""
      }
    },
    {
      "type": "Feature",
      "geometry": {
        "type": "Point",
        "coordinates": [
          8.55579125752353,
          62.67565020870812
        ]
      },
      "properties": {
        "name": "ASU",
        "eier": "STATNETT SF",
        "spenning_kV": "",
        "id": ""
      }
    },
    {
      "type": "Feature",
      "geometry": {
        "type": "Point",
        "coordinates": [
          6.073675392777562,
          59.87121834225711
        ]
      },
      "properties": {
        "name": "Blåfalli 3",
        "eier": "STATNETT SF",
        "spenning_kV": "",
        "id": ""
      }
    },
    {
      "type": "Feature",
      "geometry": {
        "type": "Point",
        "coordinates": [
          10.564916531188135,
          60.807975598309994
        ]
      },
      "properties": {
        "name": "BY",
        "eier": "STATNETT SF",
        "spenning_kV": "",
        "id": ""
      }
    },
    {
      "type": "Feature",
      "geometry": {
        "type": "Point",
        "coordinates": [
          9.641042322759327,
          59.11658715442261
        ]
      },
      "properties": {
        "name": "Herøy",
        "eier": "STATNETT SF",
        "spenning_kV": "",
        "id": ""
      }
    },
    {
      "type": "Feature",
      "geometry": {
        "type": "Point",
        "coordinates": [
          7.139670154235079,
          62.503202879741714
        ]
      },
      "properties": {
        "name": "Kjelbotn",
        "eier": "STATNETT SF",
        "spenning_kV": "",
        "id": ""
      }
    },
    {
      "type": "Feature",
      "geometry": {
        "type": "Point",
        "coordinates": [
          7.564277202665277,
          62.488693692824086
        ]
      },
      "properties": {
        "name": "Bjørsteinen",
        "eier": "STATNETT SF",
        "spenning_kV": "",
        "id": ""
      }
    },
    {
      "type": "Feature",
      "geometry": {
        "type": "Point",
        "coordinates": [
          6.8907757079433045,
          58.27889730893412
        ]
      },
      "properties": {
        "name": "Kleven",
        "eier": "STATNETT SF",
        "spenning_kV": "",
        "id": ""
      }
    },
    {
      "type": "Feature",
      "geometry": {
        "type": "Point",
        "coordinates": [
          11.899631670872433,
          60.19745374370872
        ]
      },
      "properties": {
        "name": "Kongsvinger Kraftverk",
        "eier": "STATNETT SF",
        "spenning_kV": "",
        "id": ""
      }
    },
    {
      "type": "Feature",
      "geometry": {
        "type": "Point",
        "coordinates": [
          9.84209499481183,
          61.58162853888948
        ]
      },
      "properties": {
        "name": "Harpefoss",
        "eier": "STATNETT SF",
        "spenning_kV": "",
        "id": ""
      }
    },
    {
      "type": "Feature",
      "geometry": {
        "type": "Point",
        "coordinates": [
          7.287115162793281,
          61.52616462094709
        ]
      },
      "properties": {
        "name": "Jostedal",
        "eier": "STATNETT SF",
        "spenning_kV": "",
        "id": ""
      }
    },
    {
      "type": "Feature",
      "geometry": {
        "type": "Point",
        "coordinates": [
          15.040725893990116,
          68.5854748179492
        ]
      },
      "properties": {
        "name": "Skagen",
        "eier": "STATNETT SF",
        "spenning_kV": "",
        "id": ""
      }
    },
    {
      "type": "Feature",
      "geometry": {
        "type": "Point",
        "coordinates": [
          7.245854291850852,
          61.43810034545789
        ]
      },
      "properties": {
        "name": "Leirdøla",
        "eier": "STATNETT SF",
        "spenning_kV": "",
        "id": ""
      }
    },
    {
      "type": "Feature",
      "geometry": {
        "type": "Point",
        "coordinates": [
          5.395903231663862,
          59.93134552939008
        ]
      },
      "properties": {
        "name": "Midtfjellet",
        "eier": "STATNETT SF",
        "spenning_kV": "",
        "id": ""
      }
    },
    {
      "type": "Feature",
      "geometry": {
        "type": "Point",
        "coordinates": [
          8.408064713229091,
          60.58066452353477
        ]
      },
      "properties": {
        "name": "Hol 3",
        "eier": "STATNETT SF",
        "spenning_kV": "",
        "id": ""
      }
    },
    {
      "type": "Feature",
      "geometry": {
        "type": "Point",
        "coordinates": [
          8.92403276048049,
          60.25856671901337
        ]
      },
      "properties": {
        "name": "Uvdal 2",
        "eier": "STATNETT SF",
        "spenning_kV": "",
        "id": ""
      }
    },
    {
      "type": "Feature",
      "geometry": {
        "type": "Point",
        "coordinates": [
          5.762082508675961,
          58.78887890280912
        ]
      },
      "properties": {
        "name": "Fagrafjell",
        "eier": "STATNETT SF",
        "spenning_kV": "",
        "id": ""
      }
    },
    {
      "type": "Feature",
      "geometry": {
        "type": "Point",
        "coordinates": [
          8.131075783114378,
          62.67710570326897
        ]
      },
      "properties": {
        "name": "Syltebø",
        "eier": "ELINETT AS",
        "spenning_kV": "",
        "id": ""
      }
    },
    {
      "type": "Feature",
      "geometry": {
        "type": "Point",
        "coordinates": [
          7.293264423314849,
          62.779301676785686
        ]
      },
      "properties": {
        "name": "Årødal transformatorstasjon",
        "eier": "ELINETT AS",
        "spenning_kV": "",
        "id": ""
      }
    },
    {
      "type": "Feature",
      "geometry": {
        "type": "Point",
        "coordinates": [
          7.567814631630776,
          62.79915738963069
        ]
      },
      "properties": {
        "name": "Eidseter transformatorstasjon",
        "eier": "ELINETT AS",
        "spenning_kV": "",
        "id": ""
      }
    },
    {
      "type": "Feature",
      "geometry": {
        "type": "Point",
        "coordinates": [
          7.3403728524909555,
          62.926595540109936
        ]
      },
      "properties": {
        "name": "Bolli transformatorstasjon",
        "eier": "ELINETT AS",
        "spenning_kV": "",
        "id": ""
      }
    },
    {
      "type": "Feature",
      "geometry": {
        "type": "Point",
        "coordinates": [
          7.178868706631996,
          62.74399573428967
        ]
      },
      "properties": {
        "name": "Moldeli transformatorstasjon",
        "eier": "ELINETT AS",
        "spenning_kV": "",
        "id": ""
      }
    },
    {
      "type": "Feature",
      "geometry": {
        "type": "Point",
        "coordinates": [
          7.170807403496499,
          62.85808699288969
        ]
      },
      "properties": {
        "name": "Hauglia transformatorstasjon",
        "eier": "ELINETT AS",
        "spenning_kV": "",
        "id": ""
      }
    },
    {
      "type": "Feature",
      "geometry": {
        "type": "Point",
        "coordinates": [
          5.767288907760356,
          58.641523871939135
        ]
      },
      "properties": {
        "name": "Hoved transformator T1",
        "eier": "JÆREN ENERGI AS",
        "spenning_kV": 132,
        "id": ""
      }
    },
    {
      "type": "Feature",
      "geometry": {
        "type": "Point",
        "coordinates": [
          10.46587119645998,
          59.42155603603077
        ]
      },
      "properties": {
        "name": "Veggbakken",
        "eier": "LEDE AS",
        "spenning_kV": "",
        "id": ""
      }
    },
    {
      "type": "Feature",
      "geometry": {
        "type": "Point",
        "coordinates": [
          9.72516898845362,
          59.01570892354415
        ]
      },
      "properties": {
        "name": "Langesund",
        "eier": "LEDE AS",
        "spenning_kV": "",
        "id": ""
      }
    },
    {
      "type": "Feature",
      "geometry": {
        "type": "Point",
        "coordinates": [
          10.086641608862486,
          59.51004083751661
        ]
      },
      "properties": {
        "name": "Haslestad",
        "eier": "LEDE AS",
        "spenning_kV": "",
        "id": ""
      }
    },
    {
      "type": "Feature",
      "geometry": {
        "type": "Point",
        "coordinates": [
          9.687529206071863,
          59.05973827634408
        ]
      },
      "properties": {
        "name": "Brevik",
        "eier": "LEDE AS",
        "spenning_kV": "",
        "id": ""
      }
    },
    {
      "type": "Feature",
      "geometry": {
        "type": "Point",
        "coordinates": [
          9.686665531127003,
          59.06003413428651
        ]
      },
      "properties": {
        "name": "Brevik 24kV",
        "eier": "LEDE AS",
        "spenning_kV": "",
        "id": ""
      }
    },
    {
      "type": "Feature",
      "geometry": {
        "type": "Point",
        "coordinates": [
          10.286432414939451,
          59.22962994374659
        ]
      },
      "properties": {
        "name": "Sundland",
        "eier": "LEDE AS",
        "spenning_kV": "",
        "id": ""
      }
    },
    {
      "type": "Feature",
      "geometry": {
        "type": "Point",
        "coordinates": [
          10.513661286579483,
          59.31281017006524
        ]
      },
      "properties": {
        "name": "Esso 132 kV",
        "eier": "LEDE AS",
        "spenning_kV": "",
        "id": ""
      }
    },
    {
      "type": "Feature",
      "geometry": {
        "type": "Point",
        "coordinates": [
          10.40313031523307,
          59.607900796650846
        ]
      },
      "properties": {
        "name": "Svelvik",
        "eier": "LEDE AS",
        "spenning_kV": "",
        "id": ""
      }
    },
    {
      "type": "Feature",
      "geometry": {
        "type": "Point",
        "coordinates": [
          9.06149398822515,
          59.10304041127228
        ]
      },
      "properties": {
        "name": "Drangedal",
        "eier": "LEDE AS",
        "spenning_kV": "",
        "id": ""
      }
    },
    {
      "type": "Feature",
      "geometry": {
        "type": "Point",
        "coordinates": [
          8.090149273602362,
          59.21796146182692
        ]
      },
      "properties": {
        "name": "Einangsmoen",
        "eier": "LEDE AS",
        "spenning_kV": "",
        "id": ""
      }
    },
    {
      "type": "Feature",
      "geometry": {
        "type": "Point",
        "coordinates": [
          10.250094484612923,
          59.14420225301765
        ]
      },
      "properties": {
        "name": "Gokstad",
        "eier": "LEDE AS",
        "spenning_kV": "",
        "id": ""
      }
    },
    {
      "type": "Feature",
      "geometry": {
        "type": "Point",
        "coordinates": [
          9.090494874161811,
          59.29833040559907
        ]
      },
      "properties": {
        "name": "Lunde Telemark 66 kV",
        "eier": "LEDE AS",
        "spenning_kV": "",
        "id": ""
      }
    },
    {
      "type": "Feature",
      "geometry": {
        "type": "Point",
        "coordinates": [
          10.252468522602994,
          59.36695018880505
        ]
      },
      "properties": {
        "name": "Brår",
        "eier": "LEDE AS",
        "spenning_kV": "",
        "id": ""
      }
    },
    {
      "type": "Feature",
      "geometry": {
        "type": "Point",
        "coordinates": [
          9.557930892349312,
          59.30269755576653
        ]
      },
      "properties": {
        "name": "Mo-Telemark 11 kV",
        "eier": "LEDE AS",
        "spenning_kV": "",
        "id": ""
      }
    },
    {
      "type": "Feature",
      "geometry": {
        "type": "Point",
        "coordinates": [
          9.666818160240938,
          59.134144976813424
        ]
      },
      "properties": {
        "name": "Myrene",
        "eier": "LEDE AS",
        "spenning_kV": "",
        "id": ""
      }
    },
    {
      "type": "Feature",
      "geometry": {
        "type": "Point",
        "coordinates": [
          9.266038062967652,
          59.55766132429701
        ]
      },
      "properties": {
        "name": "Sam Eyde 132 kV",
        "eier": "LEDE AS",
        "spenning_kV": "",
        "id": ""
      }
    },
    {
      "type": "Feature",
      "geometry": {
        "type": "Point",
        "coordinates": [
          10.359867969681211,
          59.266073863828595
        ]
      },
      "properties": {
        "name": "Firingen",
        "eier": "LEDE AS",
        "spenning_kV": "",
        "id": ""
      }
    },
    {
      "type": "Feature",
      "geometry": {
        "type": "Point",
        "coordinates": [
          10.270027923277091,
          59.563384165976984
        ]
      },
      "properties": {
        "name": "Leinås",
        "eier": "LEDE AS",
        "spenning_kV": "",
        "id": ""
      }
    },
    {
      "type": "Feature",
      "geometry": {
        "type": "Point",
        "coordinates": [
          10.403869770514646,
          59.14200525685086
        ]
      },
      "properties": {
        "name": "Holtan",
        "eier": "LEDE AS",
        "spenning_kV": "",
        "id": ""
      }
    },
    {
      "type": "Feature",
      "geometry": {
        "type": "Point",
        "coordinates": [
          10.312180319739136,
          59.47135510633716
        ]
      },
      "properties": {
        "name": "Bentsrud",
        "eier": "LEDE AS",
        "spenning_kV": "",
        "id": ""
      }
    },
    {
      "type": "Feature",
      "geometry": {
        "type": "Point",
        "coordinates": [
          9.660736863379082,
          59.3075008012972
        ]
      },
      "properties": {
        "name": "Sørtveit",
        "eier": "LEDE AS",
        "spenning_kV": "",
        "id": ""
      }
    },
    {
      "type": "Feature",
      "geometry": {
        "type": "Point",
        "coordinates": [
          9.612733869884867,
          59.21289987567047
        ]
      },
      "properties": {
        "name": "Frogner",
        "eier": "LEDE AS",
        "spenning_kV": "",
        "id": ""
      }
    },
    {
      "type": "Feature",
      "geometry": {
        "type": "Point",
        "coordinates": [
          9.99153350628521,
          59.42690844880747
        ]
      },
      "properties": {
        "name": "Brufoss",
        "eier": "LEDE AS",
        "spenning_kV": "",
        "id": ""
      }
    },
    {
      "type": "Feature",
      "geometry": {
        "type": "Point",
        "coordinates": [
          8.711412407816141,
          59.60495668865834
        ]
      },
      "properties": {
        "name": "Hjartdøla",
        "eier": "LEDE AS",
        "spenning_kV": "",
        "id": ""
      }
    },
    {
      "type": "Feature",
      "geometry": {
        "type": "Point",
        "coordinates": [
          10.021482521783206,
          59.05615988639119
        ]
      },
      "properties": {
        "name": "Bergeløkka",
        "eier": "LEDE AS",
        "spenning_kV": "",
        "id": ""
      }
    },
    {
      "type": "Feature",
      "geometry": {
        "type": "Point",
        "coordinates": [
          9.679001278654038,
          59.110104098619516
        ]
      },
      "properties": {
        "name": "Hovholt",
        "eier": "LEDE AS",
        "spenning_kV": "",
        "id": ""
      }
    },
    {
      "type": "Feature",
      "geometry": {
        "type": "Point",
        "coordinates": [
          9.579401215567058,
          59.21916895580949
        ]
      },
      "properties": {
        "name": "Århus",
        "eier": "LEDE AS",
        "spenning_kV": "",
        "id": ""
      }
    },
    {
      "type": "Feature",
      "geometry": {
        "type": "Point",
        "coordinates": [
          9.174435894480917,
          59.379181794903644
        ]
      },
      "properties": {
        "name": "Gvarv 66 kV",
        "eier": "LEDE AS",
        "spenning_kV": "",
        "id": ""
      }
    },
    {
      "type": "Feature",
      "geometry": {
        "type": "Point",
        "coordinates": [
          10.400001924178147,
          59.26088686893182
        ]
      },
      "properties": {
        "name": "Kaldnes",
        "eier": "LEDE AS",
        "spenning_kV": "",
        "id": ""
      }
    },
    {
      "type": "Feature",
      "geometry": {
        "type": "Point",
        "coordinates": [
          10.454285476720926,
          59.248450968895206
        ]
      },
      "properties": {
        "name": "Nes",
        "eier": "LEDE AS",
        "spenning_kV": "",
        "id": ""
      }
    },
    {
      "type": "Feature",
      "geometry": {
        "type": "Point",
        "coordinates": [
          9.53215362131786,
          59.206282534086284
        ]
      },
      "properties": {
        "name": "Skotfoss",
        "eier": "LEDE AS",
        "spenning_kV": "",
        "id": ""
      }
    },
    {
      "type": "Feature",
      "geometry": {
        "type": "Point",
        "coordinates": [
          10.179114834548509,
          59.31142874014722
        ]
      },
      "properties": {
        "name": "Kullerød",
        "eier": "LEDE AS",
        "spenning_kV": "",
        "id": ""
      }
    },
    {
      "type": "Feature",
      "geometry": {
        "type": "Point",
        "coordinates": [
          9.724852250039872,
          59.27123959320763
        ]
      },
      "properties": {
        "name": "Tudal",
        "eier": "LEDE AS",
        "spenning_kV": "",
        "id": ""
      }
    },
    {
      "type": "Feature",
      "geometry": {
        "type": "Point",
        "coordinates": [
          9.64189684817937,
          59.173265434961785
        ]
      },
      "properties": {
        "name": "Hauen",
        "eier": "LEDE AS",
        "spenning_kV": "",
        "id": ""
      }
    },
    {
      "type": "Feature",
      "geometry": {
        "type": "Point",
        "coordinates": [
          10.41237083030317,
          59.378210808810735
        ]
      },
      "properties": {
        "name": "Trolldalen",
        "eier": "LEDE AS",
        "spenning_kV": "",
        "id": ""
      }
    },
    {
      "type": "Feature",
      "geometry": {
        "type": "Point",
        "coordinates": [
          9.497168418379694,
          59.12658648848668
        ]
      },
      "properties": {
        "name": "Voll",
        "eier": "LEDE AS",
        "spenning_kV": "",
        "id": ""
      }
    },
    {
      "type": "Feature",
      "geometry": {
        "type": "Point",
        "coordinates": [
          9.589481934571282,
          59.192504580290034
        ]
      },
      "properties": {
        "name": "Moflata",
        "eier": "LEDE AS",
        "spenning_kV": "",
        "id": ""
      }
    },
    {
      "type": "Feature",
      "geometry": {
        "type": "Point",
        "coordinates": [
          10.054842266309633,
          59.069690782601874
        ]
      },
      "properties": {
        "name": "Gjærdal",
        "eier": "LEDE AS",
        "spenning_kV": "",
        "id": ""
      }
    },
    {
      "type": "Feature",
      "geometry": {
        "type": "Point",
        "coordinates": [
          10.462663376862345,
          59.41569290194563
        ]
      },
      "properties": {
        "name": "Røreåsen",
        "eier": "LEDE AS",
        "spenning_kV": "",
        "id": ""
      }
    },
    {
      "type": "Feature",
      "geometry": {
        "type": "Point",
        "coordinates": [
          9.62430409636469,
          59.12817595656988
        ]
      },
      "properties": {
        "name": "Roligheten",
        "eier": "LEDE AS",
        "spenning_kV": "",
        "id": ""
      }
    },
    {
      "type": "Feature",
      "geometry": {
        "type": "Point",
        "coordinates": [
          10.328374470655545,
          59.47897522673755
        ]
      },
      "properties": {
        "name": "Holmestrand",
        "eier": "LEDE AS",
        "spenning_kV": "",
        "id": ""
      }
    },
    {
      "type": "Feature",
      "geometry": {
        "type": "Point",
        "coordinates": [
          10.196029887901682,
          59.12821989285877
        ]
      },
      "properties": {
        "name": "Bugården",
        "eier": "LEDE AS",
        "spenning_kV": "",
        "id": ""
      }
    },
    {
      "type": "Feature",
      "geometry": {
        "type": "Point",
        "coordinates": [
          9.66112400205977,
          59.30833128777908
        ]
      },
      "properties": {
        "name": "Opdalen",
        "eier": "LEDE AS",
        "spenning_kV": "",
        "id": ""
      }
    },
    {
      "type": "Feature",
      "geometry": {
        "type": "Point",
        "coordinates": [
          8.567838212757728,
          59.87768006195478
        ]
      },
      "properties": {
        "name": "Hydro Rjukan Næringspark",
        "eier": "LEDE AS",
        "spenning_kV": "",
        "id": ""
      }
    },
    {
      "type": "Feature",
      "geometry": {
        "type": "Point",
        "coordinates": [
          10.453265293586197,
          59.40059812428583
        ]
      },
      "properties": {
        "name": "Semb",
        "eier": "LEDE AS",
        "spenning_kV": "",
        "id": ""
      }
    },
    {
      "type": "Feature",
      "geometry": {
        "type": "Point",
        "coordinates": [
          10.017665301072627,
          59.004805463258094
        ]
      },
      "properties": {
        "name": "Brunla",
        "eier": "LEDE AS",
        "spenning_kV": "",
        "id": ""
      }
    },
    {
      "type": "Feature",
      "geometry": {
        "type": "Point",
        "coordinates": [
          9.326691460981051,
          59.41422437163229
        ]
      },
      "properties": {
        "name": "Nordagutu",
        "eier": "LEDE AS",
        "spenning_kV": "",
        "id": ""
      }
    },
    {
      "type": "Feature",
      "geometry": {
        "type": "Point",
        "coordinates": [
          9.862620648465962,
          59.31353187235808
        ]
      },
      "properties": {
        "name": "Lofstad",
        "eier": "LEDE AS",
        "spenning_kV": "",
        "id": ""
      }
    },
    {
      "type": "Feature",
      "geometry": {
        "type": "Point",
        "coordinates": [
          9.253974832916846,
          59.27703891810171
        ]
      },
      "properties": {
        "name": "Holla",
        "eier": "LEDE AS",
        "spenning_kV": "",
        "id": ""
      }
    },
    {
      "type": "Feature",
      "geometry": {
        "type": "Point",
        "coordinates": [
          10.241444802010287,
          59.10902187545112
        ]
      },
      "properties": {
        "name": "Vindal",
        "eier": "LEDE AS",
        "spenning_kV": "",
        "id": ""
      }
    },
    {
      "type": "Feature",
      "geometry": {
        "type": "Point",
        "coordinates": [
          10.399550420543907,
          59.21774932859524
        ]
      },
      "properties": {
        "name": "Stangeby",
        "eier": "LEDE AS",
        "spenning_kV": "",
        "id": ""
      }
    },
    {
      "type": "Feature",
      "geometry": {
        "type": "Point",
        "coordinates": [
          10.421774907891292,
          59.273314140388855
        ]
      },
      "properties": {
        "name": "Heimdal",
        "eier": "LEDE AS",
        "spenning_kV": "",
        "id": ""
      }
    },
    {
      "type": "Feature",
      "geometry": {
        "type": "Point",
        "coordinates": [
          10.19973208746013,
          59.14371767999655
        ]
      },
      "properties": {
        "name": "Mo-Vestfold",
        "eier": "LEDE AS",
        "spenning_kV": "",
        "id": ""
      }
    },
    {
      "type": "Feature",
      "geometry": {
        "type": "Point",
        "coordinates": [
          8.768474590194732,
          59.146166071203474
        ]
      },
      "properties": {
        "name": "Tørdal",
        "eier": "LEDE AS",
        "spenning_kV": "",
        "id": ""
      }
    },
    {
      "type": "Feature",
      "geometry": {
        "type": "Point",
        "coordinates": [
          10.135189546256985,
          59.05661764875074
        ]
      },
      "properties": {
        "name": "Snippen",
        "eier": "LEDE AS",
        "spenning_kV": "",
        "id": ""
      }
    },
    {
      "type": "Feature",
      "geometry": {
        "type": "Point",
        "coordinates": [
          9.607908392087039,
          59.17647897458933
        ]
      },
      "properties": {
        "name": "Kjørbekk",
        "eier": "LEDE AS",
        "spenning_kV": "",
        "id": ""
      }
    },
    {
      "type": "Feature",
      "geometry": {
        "type": "Point",
        "coordinates": [
          9.896478640821304,
          59.01370048353044
        ]
      },
      "properties": {
        "name": "Dolven",
        "eier": "LEDE AS",
        "spenning_kV": "",
        "id": ""
      }
    },
    {
      "type": "Feature",
      "geometry": {
        "type": "Point",
        "coordinates": [
          9.622028231239725,
          59.15180520914079
        ]
      },
      "properties": {
        "name": "Klyve",
        "eier": "LEDE AS",
        "spenning_kV": "",
        "id": ""
      }
    },
    {
      "type": "Feature",
      "geometry": {
        "type": "Point",
        "coordinates": [
          10.307362774572859,
          59.27519780810446
        ]
      },
      "properties": {
        "name": "Askehaug",
        "eier": "LEDE AS",
        "spenning_kV": "",
        "id": ""
      }
    },
    {
      "type": "Feature",
      "geometry": {
        "type": "Point",
        "coordinates": [
          10.403536863985053,
          59.31211266324249
        ]
      },
      "properties": {
        "name": "Rakkås",
        "eier": "LEDE AS",
        "spenning_kV": "",
        "id": ""
      }
    },
    {
      "type": "Feature",
      "geometry": {
        "type": "Point",
        "coordinates": [
          10.462133325066358,
          59.267549900170465
        ]
      },
      "properties": {
        "name": "Rønningen",
        "eier": "LEDE AS",
        "spenning_kV": "",
        "id": ""
      }
    },
    {
      "type": "Feature",
      "geometry": {
        "type": "Point",
        "coordinates": [
          9.204226143095735,
          59.302572309580476
        ]
      },
      "properties": {
        "name": "Vrangfoss 132 kV",
        "eier": "LEDE AS",
        "spenning_kV": "",
        "id": ""
      }
    },
    {
      "type": "Feature",
      "geometry": {
        "type": "Point",
        "coordinates": [
          9.04033903294817,
          59.38485151144281
        ]
      },
      "properties": {
        "name": "Eika 66 kV",
        "eier": "LEDE AS",
        "spenning_kV": "",
        "id": ""
      }
    },
    {
      "type": "Feature",
      "geometry": {
        "type": "Point",
        "coordinates": [
          9.963434788935825,
          59.20265016744343
        ]
      },
      "properties": {
        "name": "Kvelde",
        "eier": "LEDE AS",
        "spenning_kV": "",
        "id": ""
      }
    },
    {
      "type": "Feature",
      "geometry": {
        "type": "Point",
        "coordinates": [
          10.055659550898278,
          59.042415689302466
        ]
      },
      "properties": {
        "name": "Undersbo",
        "eier": "LEDE AS",
        "spenning_kV": "",
        "id": ""
      }
    },
    {
      "type": "Feature",
      "geometry": {
        "type": "Point",
        "coordinates": [
          10.219033207384879,
          59.57532562401822
        ]
      },
      "properties": {
        "name": "Sande",
        "eier": "LEDE AS",
        "spenning_kV": "",
        "id": ""
      }
    },
    {
      "type": "Feature",
      "geometry": {
        "type": "Point",
        "coordinates": [
          10.21594904848467,
          59.11824077403101
        ]
      },
      "properties": {
        "name": "Ranvik",
        "eier": "LEDE AS",
        "spenning_kV": "",
        "id": ""
      }
    },
    {
      "type": "Feature",
      "geometry": {
        "type": "Point",
        "coordinates": [
          10.297830435966269,
          59.486635989135806
        ]
      },
      "properties": {
        "name": "Hvitsten",
        "eier": "LEDE AS",
        "spenning_kV": "",
        "id": ""
      }
    },
    {
      "type": "Feature",
      "geometry": {
        "type": "Point",
        "coordinates": [
          10.43083223772947,
          59.28383417844794
        ]
      },
      "properties": {
        "name": "Slagen",
        "eier": "LEDE AS",
        "spenning_kV": "",
        "id": ""
      }
    },
    {
      "type": "Feature",
      "geometry": {
        "type": "Point",
        "coordinates": [
          11.001856801875656,
          63.44869554052825
        ]
      },
      "properties": {
        "name": "HELL OMFORMERSTASJON",
        "eier": "BANE NOR SF",
        "spenning_kV": 132,
        "id": ""
      }
    },
    {
      "type": "Feature",
      "geometry": {
        "type": "Point",
        "coordinates": [
          10.798384718060138,
          59.82855736275578
        ]
      },
      "properties": {
        "name": "HOLMLIA OMFORMERSTASJON",
        "eier": "BANE NOR SF",
        "spenning_kV": 47,
        "id": ""
      }
    },
    {
      "type": "Feature",
      "geometry": {
        "type": "Point",
        "coordinates": [
          9.153500227642718,
          58.975382485854524
        ]
      },
      "properties": {
        "name": "NESLANDSVATN TRANSFORMATORSTASJON",
        "eier": "BANE NOR SF",
        "spenning_kV": 55,
        "id": ""
      }
    },
    {
      "type": "Feature",
      "geometry": {
        "type": "Point",
        "coordinates": [
          11.253952651970348,
          60.623983088401395
        ]
      },
      "properties": {
        "name": "TANGEN OMFORMERSTASJON",
        "eier": "BANE NOR SF",
        "spenning_kV": 66,
        "id": ""
      }
    },
    {
      "type": "Feature",
      "geometry": {
        "type": "Point",
        "coordinates": [
          11.985858265266929,
          60.1911606649913
        ]
      },
      "properties": {
        "name": "KONGSVINGER OMFORMERSTASJON",
        "eier": "BANE NOR SF",
        "spenning_kV": 66,
        "id": ""
      }
    },
    {
      "type": "Feature",
      "geometry": {
        "type": "Point",
        "coordinates": [
          9.542308010538727,
          61.78271451901566
        ]
      },
      "properties": {
        "name": "OTTA OMFORMERSTASJON",
        "eier": "BANE NOR SF",
        "spenning_kV": 66,
        "id": ""
      }
    },
    {
      "type": "Feature",
      "geometry": {
        "type": "Point",
        "coordinates": [
          5.807193027890057,
          60.58214063936002
        ]
      },
      "properties": {
        "name": "DALE OMFORMERSTASJON",
        "eier": "BANE NOR SF",
        "spenning_kV": 66,
        "id": ""
      }
    },
    {
      "type": "Feature",
      "geometry": {
        "type": "Point",
        "coordinates": [
          7.45304376342113,
          58.26665495964164
        ]
      },
      "properties": {
        "name": "LEIVOLL OMFORMERSTASJON",
        "eier": "BANE NOR SF",
        "spenning_kV": 110,
        "id": ""
      }
    },
    {
      "type": "Feature",
      "geometry": {
        "type": "Point",
        "coordinates": [
          6.032983736483193,
          58.49472232620673
        ]
      },
      "properties": {
        "name": "KJELLAND OMFORMERSTASJON",
        "eier": "BANE NOR SF",
        "spenning_kV": 47,
        "id": ""
      }
    },
    {
      "type": "Feature",
      "geometry": {
        "type": "Point",
        "coordinates": [
          9.322068239886772,
          59.418898290638154
        ]
      },
      "properties": {
        "name": "NORDAGUTU TRANSFORMATORSTASJON",
        "eier": "BANE NOR SF",
        "spenning_kV": 55,
        "id": ""
      }
    },
    {
      "type": "Feature",
      "geometry": {
        "type": "Point",
        "coordinates": [
          10.831519007279425,
          59.92928907552264
        ]
      },
      "properties": {
        "name": "ALNABRU OMFORMERSTASJON",
        "eier": "BANE NOR SF",
        "spenning_kV": 47,
        "id": ""
      }
    },
    {
      "type": "Feature",
      "geometry": {
        "type": "Point",
        "coordinates": [
          10.207561676224575,
          59.583467601819315
        ]
      },
      "properties": {
        "name": "SANDE TRANSFORMATORSTASJON",
        "eier": "BANE NOR SF",
        "spenning_kV": 55,
        "id": ""
      }
    },
    {
      "type": "Feature",
      "geometry": {
        "type": "Point",
        "coordinates": [
          10.429767501721487,
          59.830096217797184
        ]
      },
      "properties": {
        "name": "ASKER TRANSFORMATORSTASJON",
        "eier": "BANE NOR SF",
        "spenning_kV": 55,
        "id": ""
      }
    },
    {
      "type": "Feature",
      "geometry": {
        "type": "Point",
        "coordinates": [
          9.692497594456825,
          59.622404901210686
        ]
      },
      "properties": {
        "name": "SKOLLENBORG OMFORMERSTASJON",
        "eier": "BANE NOR SF",
        "spenning_kV": 55,
        "id": ""
      }
    },
    {
      "type": "Feature",
      "geometry": {
        "type": "Point",
        "coordinates": [
          11.15214959632429,
          60.14258830673114
        ]
      },
      "properties": {
        "name": "JESSHEIM OMFORMERSTASJON",
        "eier": "BANE NOR SF",
        "spenning_kV": 66,
        "id": ""
      }
    },
    {
      "type": "Feature",
      "geometry": {
        "type": "Point",
        "coordinates": [
          10.406372904172764,
          61.163525800443296
        ]
      },
      "properties": {
        "name": "FÅBERG OMFORMERSTASJON",
        "eier": "BANE NOR SF",
        "spenning_kV": 66,
        "id": ""
      }
    },
    {
      "type": "Feature",
      "geometry": {
        "type": "Point",
        "coordinates": [
          9.862796783402624,
          59.07793008181222
        ]
      },
      "properties": {
        "name": "SOLUM OMFORMERSTASJON",
        "eier": "BANE NOR SF",
        "spenning_kV": 132,
        "id": ""
      }
    },
    {
      "type": "Feature",
      "geometry": {
        "type": "Point",
        "coordinates": [
          9.879042888892014,
          61.57057017582751
        ]
      },
      "properties": {
        "name": "FRON OMFORMERSTASJON",
        "eier": "BANE NOR SF",
        "spenning_kV": 66,
        "id": ""
      }
    },
    {
      "type": "Feature",
      "geometry": {
        "type": "Point",
        "coordinates": [
          9.673186929077511,
          62.58210545307883
        ]
      },
      "properties": {
        "name": "OPPDAL OMFORMERSTASJON",
        "eier": "BANE NOR SF",
        "spenning_kV": 66,
        "id": ""
      }
    },
    {
      "type": "Feature",
      "geometry": {
        "type": "Point",
        "coordinates": [
          10.383572294298904,
          63.41400679564247
        ]
      },
      "properties": {
        "name": "STAVNE OMFORMERSTASJON",
        "eier": "BANE NOR SF",
        "spenning_kV": 66,
        "id": ""
      }
    },
    {
      "type": "Feature",
      "geometry": {
        "type": "Point",
        "coordinates": [
          10.586214569825392,
          60.29714064261494
        ]
      },
      "properties": {
        "name": "LUNNER OMFORMERSTASJON",
        "eier": "BANE NOR SF",
        "spenning_kV": 132,
        "id": ""
      }
    },
    {
      "type": "Feature",
      "geometry": {
        "type": "Point",
        "coordinates": [
          9.09205169337551,
          60.596429543875104
        ]
      },
      "properties": {
        "name": "NESBYEN OMFORMERSTASJON",
        "eier": "BANE NOR SF",
        "spenning_kV": 66,
        "id": ""
      }
    },
    {
      "type": "Feature",
      "geometry": {
        "type": "Point",
        "coordinates": [
          7.872124296061508,
          60.51148417176862
        ]
      },
      "properties": {
        "name": "HAUGASTØL OMFORMERSTASJON",
        "eier": "BANE NOR SF",
        "spenning_kV": 66,
        "id": ""
      }
    },
    {
      "type": "Feature",
      "geometry": {
        "type": "Point",
        "coordinates": [
          6.840589250178067,
          60.694538952811534
        ]
      },
      "properties": {
        "name": "MJØLFJELL OMFORMERSTASJON",
        "eier": "BANE NOR SF",
        "spenning_kV": 66,
        "id": ""
      }
    },
    {
      "type": "Feature",
      "geometry": {
        "type": "Point",
        "coordinates": [
          5.451209401505583,
          60.41583538780141
        ]
      },
      "properties": {
        "name": "ARNA OMFORMERSTASJON",
        "eier": "BANE NOR SF",
        "spenning_kV": 132,
        "id": ""
      }
    },
    {
      "type": "Feature",
      "geometry": {
        "type": "Point",
        "coordinates": [
          8.627670639106945,
          58.658833458310795
        ]
      },
      "properties": {
        "name": "NELAUG OMFORMERSTASJON",
        "eier": "BANE NOR SF",
        "spenning_kV": 66,
        "id": ""
      }
    },
    {
      "type": "Feature",
      "geometry": {
        "type": "Point",
        "coordinates": [
          7.951680298132317,
          58.15493108910297
        ]
      },
      "properties": {
        "name": "KROSSEN OMFORMERSTASJON",
        "eier": "BANE NOR SF",
        "spenning_kV": 66,
        "id": ""
      }
    },
    {
      "type": "Feature",
      "geometry": {
        "type": "Point",
        "coordinates": [
          5.7530414023851995,
          58.945603992251414
        ]
      },
      "properties": {
        "name": "STAVANGER OMFORMERSTASJON",
        "eier": "BANE NOR SF",
        "spenning_kV": 47,
        "id": ""
      }
    },
    {
      "type": "Feature",
      "geometry": {
        "type": "Point",
        "coordinates": [
          10.831279337130635,
          59.9291528010725
        ]
      },
      "properties": {
        "name": "ALNABRU MOBIL OMFORMER 102",
        "eier": "BANE NOR SF",
        "spenning_kV": 47,
        "id": ""
      }
    },
    {
      "type": "Feature",
      "geometry": {
        "type": "Point",
        "coordinates": [
          10.79817485368823,
          59.8284685420985
        ]
      },
      "properties": {
        "name": "HOLMLIA MOBIL OMFORMER 101",
        "eier": "BANE NOR SF",
        "spenning_kV": 47,
        "id": ""
      }
    },
    {
      "type": "Feature",
      "geometry": {
        "type": "Point",
        "coordinates": [
          10.672733537254501,
          60.78611753283985
        ]
      },
      "properties": {
        "name": "GJØVIK MOBIL OMFORMER 105",
        "eier": "BANE NOR SF",
        "spenning_kV": 66,
        "id": ""
      }
    },
    {
      "type": "Feature",
      "geometry": {
        "type": "Point",
        "coordinates": [
          6.030332743043771,
          58.49463902801165
        ]
      },
      "properties": {
        "name": "KJELLAND MOBIL OMFORMER 104",
        "eier": "BANE NOR SF",
        "spenning_kV": 47,
        "id": ""
      }
    },
    {
      "type": "Feature",
      "geometry": {
        "type": "Point",
        "coordinates": [
          6.662463695671409,
          58.4142406566261
        ]
      },
      "properties": {
        "name": "SIRA OMFORMERSTASJON",
        "eier": "BANE NOR SF",
        "spenning_kV": 66,
        "id": ""
      }
    },
    {
      "type": "Feature",
      "geometry": {
        "type": "Point",
        "coordinates": [
          5.732338395380681,
          58.813917979131986
        ]
      },
      "properties": {
        "name": "GANDAL OMFORMERSTASJON",
        "eier": "BANE NOR SF",
        "spenning_kV": 47,
        "id": ""
      }
    },
    {
      "type": "Feature",
      "geometry": {
        "type": "Point",
        "coordinates": [
          17.78141229264211,
          68.40435600293644
        ]
      },
      "properties": {
        "name": "ROMBAK OMFORMERSTASJON",
        "eier": "BANE NOR SF",
        "spenning_kV": 132,
        "id": ""
      }
    },
    {
      "type": "Feature",
      "geometry": {
        "type": "Point",
        "coordinates": [
          11.165390573725045,
          59.24614930579288
        ]
      },
      "properties": {
        "name": "SARPSBORG OMFORMERSTASJON",
        "eier": "BANE NOR SF",
        "spenning_kV": 47,
        "id": ""
      }
    },
    {
      "type": "Feature",
      "geometry": {
        "type": "Point",
        "coordinates": [
          10.821179778287252,
          60.91604087172035
        ]
      },
      "properties": {
        "name": "RUDSHØGDA MOBIL OMFORMER 103",
        "eier": "BANE NOR SF",
        "spenning_kV": 66,
        "id": ""
      }
    },
    {
      "type": "Feature",
      "geometry": {
        "type": "Point",
        "coordinates": [
          5.7349059151770705,
          58.96626955965796
        ]
      },
      "properties": {
        "name": "Kongsgaten trafostasjon",
        "eier": "LNETT AS",
        "spenning_kV": 52,
        "id": ""
      }
    },
    {
      "type": "Feature",
      "geometry": {
        "type": "Point",
        "coordinates": [
          6.387646171640739,
          59.033917567664226
        ]
      },
      "properties": {
        "name": "Helmikstøl trafostasjon",
        "eier": "LNETT AS",
        "spenning_kV": 52,
        "id": ""
      }
    },
    {
      "type": "Feature",
      "geometry": {
        "type": "Point",
        "coordinates": [
          5.716818358280956,
          58.942121512563716
        ]
      },
      "properties": {
        "name": "Ullandhaug trafostasjon",
        "eier": "LNETT AS",
        "spenning_kV": 52,
        "id": ""
      }
    },
    {
      "type": "Feature",
      "geometry": {
        "type": "Point",
        "coordinates": [
          5.720388857427099,
          58.84404569515733
        ]
      },
      "properties": {
        "name": "Skeiane trafostasjon",
        "eier": "LNETT AS",
        "spenning_kV": 52,
        "id": ""
      }
    },
    {
      "type": "Feature",
      "geometry": {
        "type": "Point",
        "coordinates": [
          5.836137857983476,
          58.52395838950435
        ]
      },
      "properties": {
        "name": "Hetland trafostasjon",
        "eier": "LNETT AS",
        "spenning_kV": 52,
        "id": ""
      }
    },
    {
      "type": "Feature",
      "geometry": {
        "type": "Point",
        "coordinates": [
          5.706295726232126,
          58.900845389988476
        ]
      },
      "properties": {
        "name": "Jåttå trafostasjon",
        "eier": "LNETT AS",
        "spenning_kV": 52,
        "id": ""
      }
    },
    {
      "type": "Feature",
      "geometry": {
        "type": "Point",
        "coordinates": [
          5.724169956570106,
          58.876268471953196
        ]
      },
      "properties": {
        "name": "Lura trafostasjon",
        "eier": "LNETT AS",
        "spenning_kV": 52,
        "id": ""
      }
    },
    {
      "type": "Feature",
      "geometry": {
        "type": "Point",
        "coordinates": [
          5.749446834196999,
          58.94464996417061
        ]
      },
      "properties": {
        "name": "Hillevåg trafostasjon",
        "eier": "LNETT AS",
        "spenning_kV": 52,
        "id": ""
      }
    },
    {
      "type": "Feature",
      "geometry": {
        "type": "Point",
        "coordinates": [
          5.602025219460095,
          59.0132835385143
        ]
      },
      "properties": {
        "name": "Randaberg trafostasjon",
        "eier": "LNETT AS",
        "spenning_kV": 52,
        "id": ""
      }
    },
    {
      "type": "Feature",
      "geometry": {
        "type": "Point",
        "coordinates": [
          5.670041412622195,
          58.64293549796154
        ]
      },
      "properties": {
        "name": "Opstad transformatorstasjon",
        "eier": "LNETT AS",
        "spenning_kV": 52,
        "id": ""
      }
    },
    {
      "type": "Feature",
      "geometry": {
        "type": "Point",
        "coordinates": [
          5.660351909428802,
          58.77872183895755
        ]
      },
      "properties": {
        "name": "Hatteland trafostasjon",
        "eier": "LNETT AS",
        "spenning_kV": 52,
        "id": ""
      }
    },
    {
      "type": "Feature",
      "geometry": {
        "type": "Point",
        "coordinates": [
          5.76691350518611,
          58.54841763393869
        ]
      },
      "properties": {
        "name": "Bø trafostasjon",
        "eier": "LNETT AS",
        "spenning_kV": 52,
        "id": ""
      }
    },
    {
      "type": "Feature",
      "geometry": {
        "type": "Point",
        "coordinates": [
          5.591848461771194,
          58.91123280849635
        ]
      },
      "properties": {
        "name": "Risavika trafostasjon",
        "eier": "LNETT AS",
        "spenning_kV": 52,
        "id": ""
      }
    },
    {
      "type": "Feature",
      "geometry": {
        "type": "Point",
        "coordinates": [
          5.742313061321134,
          58.83042165496331
        ]
      },
      "properties": {
        "name": "Tronsholen trafostasjon",
        "eier": "LNETT AS",
        "spenning_kV": 52,
        "id": ""
      }
    },
    {
      "type": "Feature",
      "geometry": {
        "type": "Point",
        "coordinates": [
          5.644064625212642,
          58.66896083091191
        ]
      },
      "properties": {
        "name": "Nærbø trafostasjon",
        "eier": "LNETT AS",
        "spenning_kV": 52,
        "id": ""
      }
    },
    {
      "type": "Feature",
      "geometry": {
        "type": "Point",
        "coordinates": [
          5.715594912606541,
          58.9773186221134
        ]
      },
      "properties": {
        "name": "Alsteinsgata trafostasjon",
        "eier": "LNETT AS",
        "spenning_kV": 52,
        "id": ""
      }
    },
    {
      "type": "Feature",
      "geometry": {
        "type": "Point",
        "coordinates": [
          5.780410146258793,
          58.85413450888188
        ]
      },
      "properties": {
        "name": "Vatne trafostasjon",
        "eier": "LNETT AS",
        "spenning_kV": 52,
        "id": ""
      }
    },
    {
      "type": "Feature",
      "geometry": {
        "type": "Point",
        "coordinates": [
          5.731694369147174,
          58.991130066267246
        ]
      },
      "properties": {
        "name": "Buøy trafostasjon",
        "eier": "LNETT AS",
        "spenning_kV": 52,
        "id": ""
      }
    },
    {
      "type": "Feature",
      "geometry": {
        "type": "Point",
        "coordinates": [
          5.7235666520533135,
          58.95790106975827
        ]
      },
      "properties": {
        "name": "Mosvannet trafostasjon",
        "eier": "LNETT AS",
        "spenning_kV": 52,
        "id": ""
      }
    },
    {
      "type": "Feature",
      "geometry": {
        "type": "Point",
        "coordinates": [
          5.698394632138409,
          59.11020124501578
        ]
      },
      "properties": {
        "name": "Nordbø trafostasjon",
        "eier": "LNETT AS",
        "spenning_kV": 52,
        "id": ""
      }
    },
    {
      "type": "Feature",
      "geometry": {
        "type": "Point",
        "coordinates": [
          6.252694752585177,
          58.80649902687059
        ]
      },
      "properties": {
        "name": "Gilja trafostasjon",
        "eier": "LNETT AS",
        "spenning_kV": 52,
        "id": ""
      }
    },
    {
      "type": "Feature",
      "geometry": {
        "type": "Point",
        "coordinates": [
          5.6939626999540405,
          58.88334186876844
        ]
      },
      "properties": {
        "name": "Bærheim trafostasjon",
        "eier": "LNETT AS",
        "spenning_kV": 52,
        "id": ""
      }
    },
    {
      "type": "Feature",
      "geometry": {
        "type": "Point",
        "coordinates": [
          5.651536197514173,
          58.96359589203665
        ]
      },
      "properties": {
        "name": "Stølaheia trafostasjon",
        "eier": "LNETT AS",
        "spenning_kV": 52,
        "id": ""
      }
    },
    {
      "type": "Feature",
      "geometry": {
        "type": "Point",
        "coordinates": [
          5.734167685238158,
          58.815472452266974
        ]
      },
      "properties": {
        "name": "Stokkeland trafostasjon",
        "eier": "LNETT AS",
        "spenning_kV": 52,
        "id": ""
      }
    },
    {
      "type": "Feature",
      "geometry": {
        "type": "Point",
        "coordinates": [
          5.932194891066566,
          59.06458101580657
        ]
      },
      "properties": {
        "name": "Tau  trafostasjon",
        "eier": "LNETT AS",
        "spenning_kV": 52,
        "id": ""
      }
    },
    {
      "type": "Feature",
      "geometry": {
        "type": "Point",
        "coordinates": [
          6.121173575879959,
          58.89785296198874
        ]
      },
      "properties": {
        "name": "Forsand trafostasjon",
        "eier": "LNETT AS",
        "spenning_kV": 52,
        "id": ""
      }
    },
    {
      "type": "Feature",
      "geometry": {
        "type": "Point",
        "coordinates": [
          6.121420987953702,
          59.21437110688751
        ]
      },
      "properties": {
        "name": "Hjelmeland trafostasjon",
        "eier": "LNETT AS",
        "spenning_kV": 52,
        "id": ""
      }
    },
    {
      "type": "Feature",
      "geometry": {
        "type": "Point",
        "coordinates": [
          6.011503551606118,
          59.10311227796972
        ]
      },
      "properties": {
        "name": "Veland trafostasjon",
        "eier": "LNETT AS",
        "spenning_kV": 52,
        "id": ""
      }
    },
    {
      "type": "Feature",
      "geometry": {
        "type": "Point",
        "coordinates": [
          5.874866395877783,
          59.16572828508208
        ]
      },
      "properties": {
        "name": "Finnøy trafostasjon",
        "eier": "LNETT AS",
        "spenning_kV": 52,
        "id": ""
      }
    },
    {
      "type": "Feature",
      "geometry": {
        "type": "Point",
        "coordinates": [
          6.055686640057833,
          58.82844107450177
        ]
      },
      "properties": {
        "name": "Oltedal trafostasjon",
        "eier": "LNETT AS",
        "spenning_kV": 52,
        "id": ""
      }
    },
    {
      "type": "Feature",
      "geometry": {
        "type": "Point",
        "coordinates": [
          6.068589257700816,
          59.022979891054085
        ]
      },
      "properties": {
        "name": "Dalen trafostasjon",
        "eier": "LNETT AS",
        "spenning_kV": 52,
        "id": ""
      }
    },
    {
      "type": "Feature",
      "geometry": {
        "type": "Point",
        "coordinates": [
          6.173593863444207,
          59.1479432213181
        ]
      },
      "properties": {
        "name": "Årdal trafostasjon",
        "eier": "LNETT AS",
        "spenning_kV": 52,
        "id": ""
      }
    },
    {
      "type": "Feature",
      "geometry": {
        "type": "Point",
        "coordinates": [
          6.031524173052836,
          58.49502934978776
        ]
      },
      "properties": {
        "name": "Kjelland trafostasjon",
        "eier": "LNETT AS",
        "spenning_kV": 52,
        "id": ""
      }
    },
    {
      "type": "Feature",
      "geometry": {
        "type": "Point",
        "coordinates": [
          5.616663040677504,
          58.78615485672609
        ]
      },
      "properties": {
        "name": "Kleppemarka trafostasjon",
        "eier": "LNETT AS",
        "spenning_kV": 52,
        "id": ""
      }
    },
    {
      "type": "Feature",
      "geometry": {
        "type": "Point",
        "coordinates": [
          6.081743811884026,
          59.00298903163403
        ]
      },
      "properties": {
        "name": "Jøssang koblingsstasjon",
        "eier": "LNETT AS",
        "spenning_kV": 52,
        "id": ""
      }
    },
    {
      "type": "Feature",
      "geometry": {
        "type": "Point",
        "coordinates": [
          6.4535759629923355,
          58.29473235596737
        ]
      },
      "properties": {
        "name": "Åna-Sira trafostasjon",
        "eier": "LNETT AS",
        "spenning_kV": 52,
        "id": ""
      }
    },
    {
      "type": "Feature",
      "geometry": {
        "type": "Point",
        "coordinates": [
          6.21930549257945,
          59.22384162136297
        ]
      },
      "properties": {
        "name": "Hjelmeland kraftstasjon",
        "eier": "LNETT AS",
        "spenning_kV": 52,
        "id": ""
      }
    },
    {
      "type": "Feature",
      "geometry": {
        "type": "Point",
        "coordinates": [
          6.123127620236787,
          58.85199247924756
        ]
      },
      "properties": {
        "name": "Oltesvik kraftstasjon",
        "eier": "LNETT AS",
        "spenning_kV": 52,
        "id": ""
      }
    },
    {
      "type": "Feature",
      "geometry": {
        "type": "Point",
        "coordinates": [
          6.724033133789588,
          58.65784841682634
        ]
      },
      "properties": {
        "name": "Tonstad kraftstasjon",
        "eier": "LNETT AS",
        "spenning_kV": 52,
        "id": ""
      }
    },
    {
      "type": "Feature",
      "geometry": {
        "type": "Point",
        "coordinates": [
          6.652474189369972,
          59.058415359198186
        ]
      },
      "properties": {
        "name": "Lysebotn 2",
        "eier": "LNETT AS",
        "spenning_kV": 52,
        "id": ""
      }
    },
    {
      "type": "Feature",
      "geometry": {
        "type": "Point",
        "coordinates": [
          6.663991799636642,
          59.059712759536986
        ]
      },
      "properties": {
        "name": "Moen trafostasjon",
        "eier": "LNETT AS",
        "spenning_kV": 52,
        "id": ""
      }
    },
    {
      "type": "Feature",
      "geometry": {
        "type": "Point",
        "coordinates": [
          5.655782175598004,
          58.721179298906826
        ]
      },
      "properties": {
        "name": "Håland trafostasjon",
        "eier": "LNETT AS",
        "spenning_kV": 52,
        "id": ""
      }
    },
    {
      "type": "Feature",
      "geometry": {
        "type": "Point",
        "coordinates": [
          5.647989321957572,
          58.893448748845245
        ]
      },
      "properties": {
        "name": "Sande trafostasjon",
        "eier": "LNETT AS",
        "spenning_kV": 52,
        "id": ""
      }
    },
    {
      "type": "Feature",
      "geometry": {
        "type": "Point",
        "coordinates": [
          5.672922919413401,
          58.953694844886655
        ]
      },
      "properties": {
        "name": "Madla trafostasjon",
        "eier": "LNETT AS",
        "spenning_kV": 52,
        "id": ""
      }
    },
    {
      "type": "Feature",
      "geometry": {
        "type": "Point",
        "coordinates": [
          5.658732729250611,
          58.74480263902583
        ]
      },
      "properties": {
        "name": "Tu trafostasjon",
        "eier": "LNETT AS",
        "spenning_kV": 52,
        "id": ""
      }
    },
    {
      "type": "Feature",
      "geometry": {
        "type": "Point",
        "coordinates": [
          5.600732212971088,
          58.93224457003513
        ]
      },
      "properties": {
        "name": "Båtstad trafostasjon",
        "eier": "LNETT AS",
        "spenning_kV": 52,
        "id": ""
      }
    },
    {
      "type": "Feature",
      "geometry": {
        "type": "Point",
        "coordinates": [
          5.701302505734812,
          58.95224004715732
        ]
      },
      "properties": {
        "name": "Tjensvoll trafostasjon",
        "eier": "LNETT AS",
        "spenning_kV": 52,
        "id": ""
      }
    },
    {
      "type": "Feature",
      "geometry": {
        "type": "Point",
        "coordinates": [
          5.7319289172775205,
          58.8928840745546
        ]
      },
      "properties": {
        "name": "Forus trafostasjon",
        "eier": "LNETT AS",
        "spenning_kV": 52,
        "id": ""
      }
    },
    {
      "type": "Feature",
      "geometry": {
        "type": "Point",
        "coordinates": [
          5.737506874754496,
          58.78564596322568
        ]
      },
      "properties": {
        "name": "Kalberg trafostasjon",
        "eier": "LNETT AS",
        "spenning_kV": 52,
        "id": ""
      }
    },
    {
      "type": "Feature",
      "geometry": {
        "type": "Point",
        "coordinates": [
          5.664203146294068,
          58.99494500443833
        ]
      },
      "properties": {
        "name": "Dusavika trafostasjon",
        "eier": "LNETT AS",
        "spenning_kV": 52,
        "id": ""
      }
    },
    {
      "type": "Feature",
      "geometry": {
        "type": "Point",
        "coordinates": [
          5.691346482553177,
          58.73594961879625
        ]
      },
      "properties": {
        "name": "Holen trafostasjon",
        "eier": "LNETT AS",
        "spenning_kV": 52,
        "id": ""
      }
    },
    {
      "type": "Feature",
      "geometry": {
        "type": "Point",
        "coordinates": [
          5.8519332428743915,
          58.77307506637355
        ]
      },
      "properties": {
        "name": "Ålgård trafostasjon",
        "eier": "LNETT AS",
        "spenning_kV": 52,
        "id": ""
      }
    },
    {
      "type": "Feature",
      "geometry": {
        "type": "Point",
        "coordinates": [
          5.838292302443684,
          58.91147311502941
        ]
      },
      "properties": {
        "name": "Riska trafostasjon",
        "eier": "LNETT AS",
        "spenning_kV": 52,
        "id": ""
      }
    },
    {
      "type": "Feature",
      "geometry": {
        "type": "Point",
        "coordinates": [
          5.752987787015368,
          58.967908473559575
        ]
      },
      "properties": {
        "name": "Haugesundsgata trafostasjon",
        "eier": "LNETT AS",
        "spenning_kV": 52,
        "id": ""
      }
    },
    {
      "type": "Feature",
      "geometry": {
        "type": "Point",
        "coordinates": [
          5.730208476721054,
          58.80915704331117
        ]
      },
      "properties": {
        "name": "Vagle trafostasjon",
        "eier": "LNETT AS",
        "spenning_kV": 52,
        "id": ""
      }
    },
    {
      "type": "Feature",
      "geometry": {
        "type": "Point",
        "coordinates": [
          6.435008265781263,
          59.01310056891939
        ]
      },
      "properties": {
        "name": "Flørli kraftstasjon",
        "eier": "LNETT AS",
        "spenning_kV": 52,
        "id": ""
      }
    },
    {
      "type": "Feature",
      "geometry": {
        "type": "Point",
        "coordinates": [
          6.010363688853861,
          59.099918846931565
        ]
      },
      "properties": {
        "name": "Veland trafostasjon nye",
        "eier": "LNETT AS",
        "spenning_kV": 52,
        "id": ""
      }
    },
    {
      "type": "Feature",
      "geometry": {
        "type": "Point",
        "coordinates": [
          6.154183506005884,
          59.22905210914811
        ]
      },
      "properties": {
        "name": "Hjelmeland trafostasjon nye",
        "eier": "LNETT AS",
        "spenning_kV": 52,
        "id": ""
      }
    },
    {
      "type": "Feature",
      "geometry": {
        "type": "Point",
        "coordinates": [
          5.661521328914442,
          58.71765232170928
        ]
      },
      "properties": {
        "name": "Håland trafostasjon nye",
        "eier": "LNETT AS",
        "spenning_kV": 52,
        "id": ""
      }
    },
    {
      "type": "Feature",
      "geometry": {
        "type": "Point",
        "coordinates": [
          6.0233020319713315,
          59.031768197822664
        ]
      },
      "properties": {
        "name": "Fjelde trafostasjon",
        "eier": "LNETT AS",
        "spenning_kV": 52,
        "id": ""
      }
    },
    {
      "type": "Feature",
      "geometry": {
        "type": "Point",
        "coordinates": [
          5.763107499368648,
          58.79078413170587
        ]
      },
      "properties": {
        "name": "Fagrafjell trafostasjon",
        "eier": "LNETT AS",
        "spenning_kV": 52,
        "id": ""
      }
    },
    {
      "type": "Feature",
      "geometry": {
        "type": "Point",
        "coordinates": [
          11.604042110611024,
          60.82977907280532
        ]
      },
      "properties": {
        "name": "HERADSBYGD TRST",
        "eier": "ELVIA AS",
        "spenning_kV": 132,
        "id": ""
      }
    },
    {
      "type": "Feature",
      "geometry": {
        "type": "Point",
        "coordinates": [
          12.26801149793673,
          61.297209627457214
        ]
      },
      "properties": {
        "name": "TRYSIL TRST",
        "eier": "ELVIA AS",
        "spenning_kV": 132,
        "id": ""
      }
    },
    {
      "type": "Feature",
      "geometry": {
        "type": "Point",
        "coordinates": [
          10.112791618514581,
          60.820465322159045
        ]
      },
      "properties": {
        "name": "DOKKA TRSF.ST.",
        "eier": "ELVIA AS",
        "spenning_kV": 132,
        "id": ""
      }
    },
    {
      "type": "Feature",
      "geometry": {
        "type": "Point",
        "coordinates": [
          10.223843955669691,
          61.79168116542132
        ]
      },
      "properties": {
        "name": "SOLLIA TRST",
        "eier": "ELVIA AS",
        "spenning_kV": 66,
        "id": ""
      }
    },
    {
      "type": "Feature",
      "geometry": {
        "type": "Point",
        "coordinates": [
          11.387531194992583,
          61.13764028333303
        ]
      },
      "properties": {
        "name": "RENA TRST",
        "eier": "ELVIA AS",
        "spenning_kV": 66,
        "id": ""
      }
    },
    {
      "type": "Feature",
      "geometry": {
        "type": "Point",
        "coordinates": [
          12.03668180833321,
          60.466463027039424
        ]
      },
      "properties": {
        "name": "KIRKENÆR TRST",
        "eier": "ELVIA AS",
        "spenning_kV": 66,
        "id": ""
      }
    },
    {
      "type": "Feature",
      "geometry": {
        "type": "Point",
        "coordinates": [
          10.819398312181717,
          60.905823452882096
        ]
      },
      "properties": {
        "name": "RUDSHØGDA TRST",
        "eier": "ELVIA AS",
        "spenning_kV": 66,
        "id": ""
      }
    },
    {
      "type": "Feature",
      "geometry": {
        "type": "Point",
        "coordinates": [
          11.550391508699175,
          60.40815799255178
        ]
      },
      "properties": {
        "name": "NORD-ODAL TRST",
        "eier": "ELVIA AS",
        "spenning_kV": 66,
        "id": ""
      }
    },
    {
      "type": "Feature",
      "geometry": {
        "type": "Point",
        "coordinates": [
          11.293555813014827,
          60.6254159000071
        ]
      },
      "properties": {
        "name": "VIKSELV TRAFOSTASJON",
        "eier": "ELVIA AS",
        "spenning_kV": 66,
        "id": ""
      }
    },
    {
      "type": "Feature",
      "geometry": {
        "type": "Point",
        "coordinates": [
          10.173913136235534,
          61.287598804027226
        ]
      },
      "properties": {
        "name": "ENGJOM TRSF.ST.",
        "eier": "ELVIA AS",
        "spenning_kV": 66,
        "id": ""
      }
    },
    {
      "type": "Feature",
      "geometry": {
        "type": "Point",
        "coordinates": [
          10.473732281794248,
          61.101495297567936
        ]
      },
      "properties": {
        "name": "HAGE TRSF.ST.",
        "eier": "ELVIA AS",
        "spenning_kV": 66,
        "id": ""
      }
    },
    {
      "type": "Feature",
      "geometry": {
        "type": "Point",
        "coordinates": [
          11.155698272831577,
          60.80100906839057
        ]
      },
      "properties": {
        "name": "HJELLUM TRST",
        "eier": "ELVIA AS",
        "spenning_kV": 66,
        "id": ""
      }
    },
    {
      "type": "Feature",
      "geometry": {
        "type": "Point",
        "coordinates": [
          11.979561261283733,
          60.55602996213521
        ]
      },
      "properties": {
        "name": "KVISLER TR.ST",
        "eier": "ELVIA AS",
        "spenning_kV": 66,
        "id": ""
      }
    },
    {
      "type": "Feature",
      "geometry": {
        "type": "Point",
        "coordinates": [
          10.623608662011717,
          61.06797913529754
        ]
      },
      "properties": {
        "name": "LISMARKA TRSF.ST.",
        "eier": "ELVIA AS",
        "spenning_kV": 66,
        "id": ""
      }
    },
    {
      "type": "Feature",
      "geometry": {
        "type": "Point",
        "coordinates": [
          10.617106957383662,
          62.18679206757773
        ]
      },
      "properties": {
        "name": "SAVALEN KRV",
        "eier": "ELVIA AS",
        "spenning_kV": 132,
        "id": ""
      }
    },
    {
      "type": "Feature",
      "geometry": {
        "type": "Point",
        "coordinates": [
          10.954515663944969,
          60.878507990302786
        ]
      },
      "properties": {
        "name": "BRUMUNDDAL TRST",
        "eier": "ELVIA AS",
        "spenning_kV": 66,
        "id": ""
      }
    },
    {
      "type": "Feature",
      "geometry": {
        "type": "Point",
        "coordinates": [
          10.610831876799974,
          60.73849825172779
        ]
      },
      "properties": {
        "name": "TRAFO NORD",
        "eier": "ELVIA AS",
        "spenning_kV": 66,
        "id": ""
      }
    },
    {
      "type": "Feature",
      "geometry": {
        "type": "Point",
        "coordinates": [
          12.584954372341647,
          61.06446548694506
        ]
      },
      "properties": {
        "name": "LUTUFALLET KRV",
        "eier": "ELVIA AS",
        "spenning_kV": 132,
        "id": ""
      }
    },
    {
      "type": "Feature",
      "geometry": {
        "type": "Point",
        "coordinates": [
          12.157300993424771,
          59.97501782026629
        ]
      },
      "properties": {
        "name": "EIDSKOG TRST",
        "eier": "ELVIA AS",
        "spenning_kV": 132,
        "id": ""
      }
    },
    {
      "type": "Feature",
      "geometry": {
        "type": "Point",
        "coordinates": [
          10.454015954909623,
          61.11359071822928
        ]
      },
      "properties": {
        "name": "SORGENDAL TRSF.ST.",
        "eier": "ELVIA AS",
        "spenning_kV": 66,
        "id": ""
      }
    },
    {
      "type": "Feature",
      "geometry": {
        "type": "Point",
        "coordinates": [
          10.421945882582282,
          61.138654006918735
        ]
      },
      "properties": {
        "name": "FÅBERG TRST",
        "eier": "ELVIA AS",
        "spenning_kV": 300,
        "id": ""
      }
    },
    {
      "type": "Feature",
      "geometry": {
        "type": "Point",
        "coordinates": [
          10.47078675837298,
          61.11708935116791
        ]
      },
      "properties": {
        "name": "MESNA KRV",
        "eier": "ELVIA AS",
        "spenning_kV": 66,
        "id": ""
      }
    },
    {
      "type": "Feature",
      "geometry": {
        "type": "Point",
        "coordinates": [
          8.87932443536398,
          61.135574954226506
        ]
      },
      "properties": {
        "name": "LOMEN TR.ST",
        "eier": "ELVIA AS",
        "spenning_kV": 132,
        "id": ""
      }
    },
    {
      "type": "Feature",
      "geometry": {
        "type": "Point",
        "coordinates": [
          11.167406657828993,
          62.50491064761024
        ]
      },
      "properties": {
        "name": "OS TRST",
        "eier": "ELVIA AS",
        "spenning_kV": 132,
        "id": ""
      }
    },
    {
      "type": "Feature",
      "geometry": {
        "type": "Point",
        "coordinates": [
          9.249142799713468,
          61.02736748318982
        ]
      },
      "properties": {
        "name": "SKRAUTVÅL TRST",
        "eier": "ELVIA AS",
        "spenning_kV": 132,
        "id": ""
      }
    },
    {
      "type": "Feature",
      "geometry": {
        "type": "Point",
        "coordinates": [
          11.044386862853486,
          60.82760057275171
        ]
      },
      "properties": {
        "name": "FURNES TRST",
        "eier": "ELVIA AS",
        "spenning_kV": 132,
        "id": ""
      }
    },
    {
      "type": "Feature",
      "geometry": {
        "type": "Point",
        "coordinates": [
          11.91902479241838,
          61.80952878741559
        ]
      },
      "properties": {
        "name": "ENGERDAL TRST",
        "eier": "ELVIA AS",
        "spenning_kV": 132,
        "id": ""
      }
    },
    {
      "type": "Feature",
      "geometry": {
        "type": "Point",
        "coordinates": [
          9.897681193021304,
          60.648548640431926
        ]
      },
      "properties": {
        "name": "BEGNA TRST",
        "eier": "ELVIA AS",
        "spenning_kV": 132,
        "id": ""
      }
    },
    {
      "type": "Feature",
      "geometry": {
        "type": "Point",
        "coordinates": [
          10.590849278527116,
          62.12457627784558
        ]
      },
      "properties": {
        "name": "ALVDAL TRST",
        "eier": "ELVIA AS",
        "spenning_kV": 66,
        "id": ""
      }
    },
    {
      "type": "Feature",
      "geometry": {
        "type": "Point",
        "coordinates": [
          11.533355352028655,
          60.896740303556136
        ]
      },
      "properties": {
        "name": "ELVERUM TRAFOSTASJON",
        "eier": "ELVIA AS",
        "spenning_kV": 132,
        "id": ""
      }
    },
    {
      "type": "Feature",
      "geometry": {
        "type": "Point",
        "coordinates": [
          11.574980489908302,
          60.87809038399746
        ]
      },
      "properties": {
        "name": "LEIRET TRST",
        "eier": "ELVIA AS",
        "spenning_kV": 132,
        "id": ""
      }
    },
    {
      "type": "Feature",
      "geometry": {
        "type": "Point",
        "coordinates": [
          10.611153579847903,
          60.95226762350315
        ]
      },
      "properties": {
        "name": "BIRI TRST",
        "eier": "ELVIA AS",
        "spenning_kV": 66,
        "id": ""
      }
    },
    {
      "type": "Feature",
      "geometry": {
        "type": "Point",
        "coordinates": [
          10.69014097771811,
          60.801138550544316
        ]
      },
      "properties": {
        "name": "MJØSSTRANDA GJØVIK",
        "eier": "ELVIA AS",
        "spenning_kV": 132,
        "id": ""
      }
    },
    {
      "type": "Feature",
      "geometry": {
        "type": "Point",
        "coordinates": [
          11.221482653304724,
          60.72228586640941
        ]
      },
      "properties": {
        "name": "STANGE TRAFOSTASJON",
        "eier": "ELVIA AS",
        "spenning_kV": 66,
        "id": ""
      }
    },
    {
      "type": "Feature",
      "geometry": {
        "type": "Point",
        "coordinates": [
          11.251861189436298,
          60.50423150191761
        ]
      },
      "properties": {
        "name": "STRANDLYKKJA TRST",
        "eier": "ELVIA AS",
        "spenning_kV": 66,
        "id": ""
      }
    },
    {
      "type": "Feature",
      "geometry": {
        "type": "Point",
        "coordinates": [
          10.058523181442903,
          61.240337922906704
        ]
      },
      "properties": {
        "name": "ROPPA KR.VERK",
        "eier": "ELVIA AS",
        "spenning_kV": 66,
        "id": ""
      }
    },
    {
      "type": "Feature",
      "geometry": {
        "type": "Point",
        "coordinates": [
          11.203102929342412,
          60.852399653279726
        ]
      },
      "properties": {
        "name": "GREFTEN TRST",
        "eier": "ELVIA AS",
        "spenning_kV": 66,
        "id": ""
      }
    },
    {
      "type": "Feature",
      "geometry": {
        "type": "Point",
        "coordinates": [
          11.978446950909284,
          60.194892623285426
        ]
      },
      "properties": {
        "name": "KONGSVINGER TRST",
        "eier": "ELVIA AS",
        "spenning_kV": 132,
        "id": ""
      }
    },
    {
      "type": "Feature",
      "geometry": {
        "type": "Point",
        "coordinates": [
          10.576874187872457,
          60.80256448365294
        ]
      },
      "properties": {
        "name": "VIFLAT TRST",
        "eier": "ELVIA AS",
        "spenning_kV": 66,
        "id": ""
      }
    },
    {
      "type": "Feature",
      "geometry": {
        "type": "Point",
        "coordinates": [
          11.22054984932677,
          60.7727657939681
        ]
      },
      "properties": {
        "name": "ILSENG TRAFOSTASJON",
        "eier": "ELVIA AS",
        "spenning_kV": 66,
        "id": ""
      }
    },
    {
      "type": "Feature",
      "geometry": {
        "type": "Point",
        "coordinates": [
          10.605936753701668,
          60.73602375202266
        ]
      },
      "properties": {
        "name": "TRAFO VEST",
        "eier": "ELVIA AS",
        "spenning_kV": 66,
        "id": ""
      }
    },
    {
      "type": "Feature",
      "geometry": {
        "type": "Point",
        "coordinates": [
          11.072334226306003,
          61.56561838847828
        ]
      },
      "properties": {
        "name": "KOPPANG TRST",
        "eier": "ELVIA AS",
        "spenning_kV": 66,
        "id": ""
      }
    },
    {
      "type": "Feature",
      "geometry": {
        "type": "Point",
        "coordinates": [
          12.025299546046229,
          60.18798572603754
        ]
      },
      "properties": {
        "name": "NORSENGA TRST",
        "eier": "ELVIA AS",
        "spenning_kV": 66,
        "id": ""
      }
    },
    {
      "type": "Feature",
      "geometry": {
        "type": "Point",
        "coordinates": [
          11.023657893333402,
          62.416890506056426
        ]
      },
      "properties": {
        "name": "TOLGA TRST",
        "eier": "ELVIA AS",
        "spenning_kV": 132,
        "id": ""
      }
    },
    {
      "type": "Feature",
      "geometry": {
        "type": "Point",
        "coordinates": [
          10.848074372829517,
          60.81858279833283
        ]
      },
      "properties": {
        "name": "NES TRST",
        "eier": "ELVIA AS",
        "spenning_kV": 132,
        "id": ""
      }
    },
    {
      "type": "Feature",
      "geometry": {
        "type": "Point",
        "coordinates": [
          10.607063590482634,
          60.709187886187635
        ]
      },
      "properties": {
        "name": "RAUFOSS TRSF.ST.",
        "eier": "ELVIA AS",
        "spenning_kV": 132,
        "id": ""
      }
    },
    {
      "type": "Feature",
      "geometry": {
        "type": "Point",
        "coordinates": [
          11.333095818374522,
          60.808496756610275
        ]
      },
      "properties": {
        "name": "HOMMERSTAD TRST",
        "eier": "ELVIA AS",
        "spenning_kV": 66,
        "id": ""
      }
    },
    {
      "type": "Feature",
      "geometry": {
        "type": "Point",
        "coordinates": [
          11.380404675697099,
          60.4258826134114
        ]
      },
      "properties": {
        "name": "ENGERFJELLET TS",
        "eier": "ELVIA AS",
        "spenning_kV": 66,
        "id": ""
      }
    },
    {
      "type": "Feature",
      "geometry": {
        "type": "Point",
        "coordinates": [
          11.385135576390232,
          61.15185494792917
        ]
      },
      "properties": {
        "name": "RØDSMOEN TRST",
        "eier": "ELVIA AS",
        "spenning_kV": 66,
        "id": ""
      }
    },
    {
      "type": "Feature",
      "geometry": {
        "type": "Point",
        "coordinates": [
          11.506040978026093,
          61.20152214268737
        ]
      },
      "properties": {
        "name": "OSFALLET KRV",
        "eier": "ELVIA AS",
        "spenning_kV": 22,
        "id": ""
      }
    },
    {
      "type": "Feature",
      "geometry": {
        "type": "Point",
        "coordinates": [
          12.060754540867137,
          60.66373187246529
        ]
      },
      "properties": {
        "name": "SØNSTERUD TRST",
        "eier": "ELVIA AS",
        "spenning_kV": 66,
        "id": ""
      }
    },
    {
      "type": "Feature",
      "geometry": {
        "type": "Point",
        "coordinates": [
          11.676125273740324,
          60.244931409066275
        ]
      },
      "properties": {
        "name": "SKARNES TRST",
        "eier": "ELVIA AS",
        "spenning_kV": 132,
        "id": ""
      }
    },
    {
      "type": "Feature",
      "geometry": {
        "type": "Point",
        "coordinates": [
          10.875950348080417,
          60.651706777446044
        ]
      },
      "properties": {
        "name": "KRABYSKOGEN TRSF.ST.",
        "eier": "ELVIA AS",
        "spenning_kV": 132,
        "id": ""
      }
    },
    {
      "type": "Feature",
      "geometry": {
        "type": "Point",
        "coordinates": [
          10.937451930641158,
          60.88581870134207
        ]
      },
      "properties": {
        "name": "VELDRESIDEN TRSF.ST.",
        "eier": "ELVIA AS",
        "spenning_kV": 66,
        "id": ""
      }
    },
    {
      "type": "Feature",
      "geometry": {
        "type": "Point",
        "coordinates": [
          11.168156764782442,
          61.375747363076
        ]
      },
      "properties": {
        "name": "HORTA TRAFOSTASJON",
        "eier": "ELVIA AS",
        "spenning_kV": 66,
        "id": ""
      }
    },
    {
      "type": "Feature",
      "geometry": {
        "type": "Point",
        "coordinates": [
          11.095831402516831,
          60.799949053748826
        ]
      },
      "properties": {
        "name": "BØRSTAD TRST",
        "eier": "ELVIA AS",
        "spenning_kV": 66,
        "id": ""
      }
    },
    {
      "type": "Feature",
      "geometry": {
        "type": "Point",
        "coordinates": [
          8.381305628039112,
          61.19632663575265
        ]
      },
      "properties": {
        "name": "YLJA",
        "eier": "ELVIA AS",
        "spenning_kV": 132,
        "id": ""
      }
    },
    {
      "type": "Feature",
      "geometry": {
        "type": "Point",
        "coordinates": [
          10.273844965114264,
          61.22894010442612
        ]
      },
      "properties": {
        "name": "LUNDE TRST",
        "eier": "ELVIA AS",
        "spenning_kV": 66,
        "id": ""
      }
    },
    {
      "type": "Feature",
      "geometry": {
        "type": "Point",
        "coordinates": [
          10.609545578537235,
          60.72823578968181
        ]
      },
      "properties": {
        "name": "RNVA",
        "eier": "ELVIA AS",
        "spenning_kV": 66,
        "id": ""
      }
    },
    {
      "type": "Feature",
      "geometry": {
        "type": "Point",
        "coordinates": [
          11.129504593697137,
          60.775713340872024
        ]
      },
      "properties": {
        "name": "OTTESTAD TRAFOSTASJON",
        "eier": "ELVIA AS",
        "spenning_kV": 66,
        "id": ""
      }
    },
    {
      "type": "Feature",
      "geometry": {
        "type": "Point",
        "coordinates": [
          11.611754152783488,
          60.830478830093654
        ]
      },
      "properties": {
        "name": "SKJEFSTADFOSSEN",
        "eier": "ELVIA AS",
        "spenning_kV": 22,
        "id": ""
      }
    },
    {
      "type": "Feature",
      "geometry": {
        "type": "Point",
        "coordinates": [
          10.783265961766814,
          62.282486258379485
        ]
      },
      "properties": {
        "name": "TYNSET TRST",
        "eier": "ELVIA AS",
        "spenning_kV": 132,
        "id": ""
      }
    },
    {
      "type": "Feature",
      "geometry": {
        "type": "Point",
        "coordinates": [
          10.71937909340992,
          60.93696354068661
        ]
      },
      "properties": {
        "name": "MOELV TRST",
        "eier": "ELVIA AS",
        "spenning_kV": 66,
        "id": ""
      }
    },
    {
      "type": "Feature",
      "geometry": {
        "type": "Point",
        "coordinates": [
          11.456993311973427,
          61.163782844292086
        ]
      },
      "properties": {
        "name": "LØPET KRV",
        "eier": "ELVIA AS",
        "spenning_kV": 66,
        "id": ""
      }
    },
    {
      "type": "Feature",
      "geometry": {
        "type": "Point",
        "coordinates": [
          9.300689654072752,
          60.95706266745946
        ]
      },
      "properties": {
        "name": "FASLEFOSS KR.VERK",
        "eier": "ELVIA AS",
        "spenning_kV": 132,
        "id": ""
      }
    },
    {
      "type": "Feature",
      "geometry": {
        "type": "Point",
        "coordinates": [
          10.671952004672741,
          60.78726067139792
        ]
      },
      "properties": {
        "name": "GJØVIK TRST",
        "eier": "ELVIA AS",
        "spenning_kV": 132,
        "id": ""
      }
    },
    {
      "type": "Feature",
      "geometry": {
        "type": "Point",
        "coordinates": [
          12.19592359391367,
          61.02134057895063
        ]
      },
      "properties": {
        "name": "KJØLBERGET TS",
        "eier": "ELVIA AS",
        "spenning_kV": 132,
        "id": ""
      }
    },
    {
      "type": "Feature",
      "geometry": {
        "type": "Point",
        "coordinates": [
          10.703696850740553,
          60.928551087997484
        ]
      },
      "properties": {
        "name": "BRUVOLD TRST",
        "eier": "ELVIA AS",
        "spenning_kV": 66,
        "id": ""
      }
    },
    {
      "type": "Feature",
      "geometry": {
        "type": "Point",
        "coordinates": [
          11.60708523760884,
          60.90199536451426
        ]
      },
      "properties": {
        "name": "LØVBERGSMOEN TRST",
        "eier": "ELVIA AS",
        "spenning_kV": 132,
        "id": ""
      }
    },
    {
      "type": "Feature",
      "geometry": {
        "type": "Point",
        "coordinates": [
          10.693786953064608,
          61.12450184493187
        ]
      },
      "properties": {
        "name": "SJUSJØEN TRST",
        "eier": "ELVIA AS",
        "spenning_kV": 66,
        "id": ""
      }
    },
    {
      "type": "Feature",
      "geometry": {
        "type": "Point",
        "coordinates": [
          9.379693781048472,
          60.91687129359261
        ]
      },
      "properties": {
        "name": "ÅBJØRA TRAFOSTASJON",
        "eier": "ELVIA AS",
        "spenning_kV": 132,
        "id": ""
      }
    },
    {
      "type": "Feature",
      "geometry": {
        "type": "Point",
        "coordinates": [
          11.960095598609636,
          60.61002403278679
        ]
      },
      "properties": {
        "name": "ÅSNES TRST",
        "eier": "ELVIA AS",
        "spenning_kV": 132,
        "id": ""
      }
    },
    {
      "type": "Feature",
      "geometry": {
        "type": "Point",
        "coordinates": [
          11.793537746202013,
          60.706939849492706
        ]
      },
      "properties": {
        "name": "VÅLER TRAFOSTASJON",
        "eier": "ELVIA AS",
        "spenning_kV": 132,
        "id": ""
      }
    },
    {
      "type": "Feature",
      "geometry": {
        "type": "Point",
        "coordinates": [
          10.792483381008577,
          60.69060673659473
        ]
      },
      "properties": {
        "name": "KONGSENGEN TRST",
        "eier": "ELVIA AS",
        "spenning_kV": 132,
        "id": ""
      }
    },
    {
      "type": "Feature",
      "geometry": {
        "type": "Point",
        "coordinates": [
          11.123962838914688,
          61.8122573916803
        ]
      },
      "properties": {
        "name": "RENDALEN TRST",
        "eier": "ELVIA AS",
        "spenning_kV": 66,
        "id": ""
      }
    },
    {
      "type": "Feature",
      "geometry": {
        "type": "Point",
        "coordinates": [
          11.053944253008313,
          60.81084663493642
        ]
      },
      "properties": {
        "name": "AJER TRST",
        "eier": "ELVIA AS",
        "spenning_kV": 66,
        "id": ""
      }
    },
    {
      "type": "Feature",
      "geometry": {
        "type": "Point",
        "coordinates": [
          11.517339416677045,
          61.23708470251945
        ]
      },
      "properties": {
        "name": "OSA TR.ST.",
        "eier": "ELVIA AS",
        "spenning_kV": 132,
        "id": ""
      }
    },
    {
      "type": "Feature",
      "geometry": {
        "type": "Point",
        "coordinates": [
          11.060974475762078,
          60.79841120957386
        ]
      },
      "properties": {
        "name": "VESTBYEN TRSF.ST.",
        "eier": "ELVIA AS",
        "spenning_kV": 66,
        "id": ""
      }
    },
    {
      "type": "Feature",
      "geometry": {
        "type": "Point",
        "coordinates": [
          8.88149868471426,
          61.232163441473
        ]
      },
      "properties": {
        "name": "BEITO TRAFOSTASJON",
        "eier": "ELVIA AS",
        "spenning_kV": 132,
        "id": ""
      }
    },
    {
      "type": "Feature",
      "geometry": {
        "type": "Point",
        "coordinates": [
          11.308039414762007,
          59.998474256828295
        ]
      },
      "properties": {
        "name": "Blaker",
        "eier": "ELVIA AS",
        "spenning_kV": 66,
        "id": ""
      }
    },
    {
      "type": "Feature",
      "geometry": {
        "type": "Point",
        "coordinates": [
          11.419365313059023,
          60.1835727115307
        ]
      },
      "properties": {
        "name": "Vormsund",
        "eier": "ELVIA AS",
        "spenning_kV": 66,
        "id": ""
      }
    },
    {
      "type": "Feature",
      "geometry": {
        "type": "Point",
        "coordinates": [
          10.80100137145652,
          59.778002794703895
        ]
      },
      "properties": {
        "name": "Myrvoll",
        "eier": "ELVIA AS",
        "spenning_kV": 47,
        "id": ""
      }
    },
    {
      "type": "Feature",
      "geometry": {
        "type": "Point",
        "coordinates": [
          10.695388742261851,
          59.473936812101414
        ]
      },
      "properties": {
        "name": "Kambo",
        "eier": "ELVIA AS",
        "spenning_kV": 47,
        "id": ""
      }
    },
    {
      "type": "Feature",
      "geometry": {
        "type": "Point",
        "coordinates": [
          10.693059032264165,
          59.44053303294995
        ]
      },
      "properties": {
        "name": "Mosseporten",
        "eier": "ELVIA AS",
        "spenning_kV": 47,
        "id": ""
      }
    },
    {
      "type": "Feature",
      "geometry": {
        "type": "Point",
        "coordinates": [
          10.818032326430568,
          59.912188046459356
        ]
      },
      "properties": {
        "name": "Bryn",
        "eier": "ELVIA AS",
        "spenning_kV": 47,
        "id": ""
      }
    },
    {
      "type": "Feature",
      "geometry": {
        "type": "Point",
        "coordinates": [
          10.781428078274667,
          59.91694641676253
        ]
      },
      "properties": {
        "name": "Tøyen",
        "eier": "ELVIA AS",
        "spenning_kV": 47,
        "id": ""
      }
    },
    {
      "type": "Feature",
      "geometry": {
        "type": "Point",
        "coordinates": [
          10.807942932831958,
          59.35859631262769
        ]
      },
      "properties": {
        "name": "Råde",
        "eier": "ELVIA AS",
        "spenning_kV": 132,
        "id": ""
      }
    },
    {
      "type": "Feature",
      "geometry": {
        "type": "Point",
        "coordinates": [
          10.793988801927698,
          59.82924478419946
        ]
      },
      "properties": {
        "name": "Holmlia",
        "eier": "ELVIA AS",
        "spenning_kV": 47,
        "id": ""
      }
    },
    {
      "type": "Feature",
      "geometry": {
        "type": "Point",
        "coordinates": [
          10.962474585699416,
          59.20416589030529
        ]
      },
      "properties": {
        "name": "Gamlebyen",
        "eier": "ELVIA AS",
        "spenning_kV": 47,
        "id": ""
      }
    },
    {
      "type": "Feature",
      "geometry": {
        "type": "Point",
        "coordinates": [
          10.731696632278407,
          59.93521279727982
        ]
      },
      "properties": {
        "name": "Ullevål",
        "eier": "ELVIA AS",
        "spenning_kV": 132,
        "id": ""
      }
    },
    {
      "type": "Feature",
      "geometry": {
        "type": "Point",
        "coordinates": [
          10.918631346314118,
          59.23990452337931
        ]
      },
      "properties": {
        "name": "Gluppe",
        "eier": "ELVIA AS",
        "spenning_kV": 47,
        "id": ""
      }
    },
    {
      "type": "Feature",
      "geometry": {
        "type": "Point",
        "coordinates": [
          10.777608779594898,
          59.80927847105483
        ]
      },
      "properties": {
        "name": "Gjersjøen",
        "eier": "ELVIA AS",
        "spenning_kV": 47,
        "id": ""
      }
    },
    {
      "type": "Feature",
      "geometry": {
        "type": "Point",
        "coordinates": [
          10.44497341134795,
          59.83343318464011
        ]
      },
      "properties": {
        "name": "Fusdal",
        "eier": "ELVIA AS",
        "spenning_kV": 132,
        "id": ""
      }
    },
    {
      "type": "Feature",
      "geometry": {
        "type": "Point",
        "coordinates": [
          10.811694024008071,
          59.84038878785782
        ]
      },
      "properties": {
        "name": "Prinsdal",
        "eier": "ELVIA AS",
        "spenning_kV": 47,
        "id": ""
      }
    },
    {
      "type": "Feature",
      "geometry": {
        "type": "Point",
        "coordinates": [
          10.669192090974347,
          59.4188508288727
        ]
      },
      "properties": {
        "name": "Melløs",
        "eier": "ELVIA AS",
        "spenning_kV": 47,
        "id": ""
      }
    },
    {
      "type": "Feature",
      "geometry": {
        "type": "Point",
        "coordinates": [
          10.820572212939538,
          59.88970645476471
        ]
      },
      "properties": {
        "name": "Abildsø",
        "eier": "ELVIA AS",
        "spenning_kV": 132,
        "id": ""
      }
    },
    {
      "type": "Feature",
      "geometry": {
        "type": "Point",
        "coordinates": [
          10.651127025508949,
          59.43447048132183
        ]
      },
      "properties": {
        "name": "Jeløy",
        "eier": "ELVIA AS",
        "spenning_kV": 47,
        "id": ""
      }
    },
    {
      "type": "Feature",
      "geometry": {
        "type": "Point",
        "coordinates": [
          10.932780464225381,
          59.21593451824552
        ]
      },
      "properties": {
        "name": "Brogata",
        "eier": "ELVIA AS",
        "spenning_kV": 47,
        "id": ""
      }
    },
    {
      "type": "Feature",
      "geometry": {
        "type": "Point",
        "coordinates": [
          10.674897002846448,
          59.92472195063808
        ]
      },
      "properties": {
        "name": "Hoff",
        "eier": "ELVIA AS",
        "spenning_kV": 47,
        "id": ""
      }
    },
    {
      "type": "Feature",
      "geometry": {
        "type": "Point",
        "coordinates": [
          10.921086592847509,
          59.94672523384519
        ]
      },
      "properties": {
        "name": "Høybråten",
        "eier": "ELVIA AS",
        "spenning_kV": 47,
        "id": ""
      }
    },
    {
      "type": "Feature",
      "geometry": {
        "type": "Point",
        "coordinates": [
          11.219388709498519,
          60.332157354678095
        ]
      },
      "properties": {
        "name": "Hammerstad",
        "eier": "ELVIA AS",
        "spenning_kV": 66,
        "id": ""
      }
    },
    {
      "type": "Feature",
      "geometry": {
        "type": "Point",
        "coordinates": [
          11.114475531519226,
          59.28932394973576
        ]
      },
      "properties": {
        "name": "Gleng",
        "eier": "ELVIA AS",
        "spenning_kV": 47,
        "id": ""
      }
    },
    {
      "type": "Feature",
      "geometry": {
        "type": "Point",
        "coordinates": [
          10.864288926820542,
          59.19551035645432
        ]
      },
      "properties": {
        "name": "Fjelle",
        "eier": "ELVIA AS",
        "spenning_kV": 47,
        "id": ""
      }
    },
    {
      "type": "Feature",
      "geometry": {
        "type": "Point",
        "coordinates": [
          10.697316772950947,
          59.42155609181766
        ]
      },
      "properties": {
        "name": "Øreåsen",
        "eier": "ELVIA AS",
        "spenning_kV": 47,
        "id": ""
      }
    },
    {
      "type": "Feature",
      "geometry": {
        "type": "Point",
        "coordinates": [
          11.164979039162667,
          59.58618816861405
        ]
      },
      "properties": {
        "name": "Henstad",
        "eier": "ELVIA AS",
        "spenning_kV": 47,
        "id": ""
      }
    },
    {
      "type": "Feature",
      "geometry": {
        "type": "Point",
        "coordinates": [
          11.472992591384621,
          59.79945916003166
        ]
      },
      "properties": {
        "name": "Løken",
        "eier": "ELVIA AS",
        "spenning_kV": 66,
        "id": ""
      }
    },
    {
      "type": "Feature",
      "geometry": {
        "type": "Point",
        "coordinates": [
          10.765939330065514,
          59.9601785797288
        ]
      },
      "properties": {
        "name": "Korsvoll",
        "eier": "ELVIA AS",
        "spenning_kV": 47,
        "id": ""
      }
    },
    {
      "type": "Feature",
      "geometry": {
        "type": "Point",
        "coordinates": [
          10.806942963148952,
          59.67599148259553
        ]
      },
      "properties": {
        "name": "Holstad",
        "eier": "ELVIA AS",
        "spenning_kV": 47,
        "id": ""
      }
    },
    {
      "type": "Feature",
      "geometry": {
        "type": "Point",
        "coordinates": [
          10.980414264934197,
          59.244638309226374
        ]
      },
      "properties": {
        "name": "Raa",
        "eier": "ELVIA AS",
        "spenning_kV": 132,
        "id": ""
      }
    },
    {
      "type": "Feature",
      "geometry": {
        "type": "Point",
        "coordinates": [
          11.072820896835031,
          59.6085326948789
        ]
      },
      "properties": {
        "name": "Spydeberg",
        "eier": "ELVIA AS",
        "spenning_kV": 47,
        "id": ""
      }
    },
    {
      "type": "Feature",
      "geometry": {
        "type": "Point",
        "coordinates": [
          10.62457119555835,
          59.90659652693939
        ]
      },
      "properties": {
        "name": "Fornebu",
        "eier": "ELVIA AS",
        "spenning_kV": 47,
        "id": ""
      }
    },
    {
      "type": "Feature",
      "geometry": {
        "type": "Point",
        "coordinates": [
          10.469648971072045,
          59.864153346620654
        ]
      },
      "properties": {
        "name": "Berger",
        "eier": "ELVIA AS",
        "spenning_kV": 132,
        "id": ""
      }
    },
    {
      "type": "Feature",
      "geometry": {
        "type": "Point",
        "coordinates": [
          10.734850332261807,
          59.92066534837681
        ]
      },
      "properties": {
        "name": "Pilestredet",
        "eier": "ELVIA AS",
        "spenning_kV": 132,
        "id": ""
      }
    },
    {
      "type": "Feature",
      "geometry": {
        "type": "Point",
        "coordinates": [
          10.772908470736258,
          59.94544699804379
        ]
      },
      "properties": {
        "name": "Lillo",
        "eier": "ELVIA AS",
        "spenning_kV": 132,
        "id": ""
      }
    },
    {
      "type": "Feature",
      "geometry": {
        "type": "Point",
        "coordinates": [
          10.749995108004748,
          59.92463931978022
        ]
      },
      "properties": {
        "name": "Akersberget",
        "eier": "ELVIA AS",
        "spenning_kV": 132,
        "id": ""
      }
    },
    {
      "type": "Feature",
      "geometry": {
        "type": "Point",
        "coordinates": [
          11.293927997120367,
          59.539605128303464
        ]
      },
      "properties": {
        "name": "Haga",
        "eier": "ELVIA AS",
        "spenning_kV": 47,
        "id": ""
      }
    },
    {
      "type": "Feature",
      "geometry": {
        "type": "Point",
        "coordinates": [
          11.372127116762838,
          59.535037541054976
        ]
      },
      "properties": {
        "name": "Aasgaard",
        "eier": "ELVIA AS",
        "spenning_kV": 47,
        "id": ""
      }
    },
    {
      "type": "Feature",
      "geometry": {
        "type": "Point",
        "coordinates": [
          11.173877965933062,
          59.53982218469983
        ]
      },
      "properties": {
        "name": "Vammafossen",
        "eier": "ELVIA AS",
        "spenning_kV": 132,
        "id": ""
      }
    },
    {
      "type": "Feature",
      "geometry": {
        "type": "Point",
        "coordinates": [
          10.831219394756143,
          59.939032354359924
        ]
      },
      "properties": {
        "name": "Linderud",
        "eier": "ELVIA AS",
        "spenning_kV": 47,
        "id": ""
      }
    },
    {
      "type": "Feature",
      "geometry": {
        "type": "Point",
        "coordinates": [
          10.863613825662771,
          59.927953096782886
        ]
      },
      "properties": {
        "name": "Stubberud",
        "eier": "ELVIA AS",
        "spenning_kV": 47,
        "id": ""
      }
    },
    {
      "type": "Feature",
      "geometry": {
        "type": "Point",
        "coordinates": [
          11.007574574204833,
          59.97809323067114
        ]
      },
      "properties": {
        "name": "Kjellerholen",
        "eier": "ELVIA AS",
        "spenning_kV": 66,
        "id": ""
      }
    },
    {
      "type": "Feature",
      "geometry": {
        "type": "Point",
        "coordinates": [
          10.936033945357622,
          59.92712087069917
        ]
      },
      "properties": {
        "name": "Rasta",
        "eier": "ELVIA AS",
        "spenning_kV": 47,
        "id": ""
      }
    },
    {
      "type": "Feature",
      "geometry": {
        "type": "Point",
        "coordinates": [
          11.139444310984112,
          59.9225112348162
        ]
      },
      "properties": {
        "name": "Nerdrum",
        "eier": "ELVIA AS",
        "spenning_kV": 66,
        "id": ""
      }
    },
    {
      "type": "Feature",
      "geometry": {
        "type": "Point",
        "coordinates": [
          10.81680797647823,
          59.81674450905932
        ]
      },
      "properties": {
        "name": "Tårnlia",
        "eier": "ELVIA AS",
        "spenning_kV": 47,
        "id": ""
      }
    },
    {
      "type": "Feature",
      "geometry": {
        "type": "Point",
        "coordinates": [
          10.95168758515526,
          59.195766419830136
        ]
      },
      "properties": {
        "name": "DeNoFa",
        "eier": "ELVIA AS",
        "spenning_kV": 47,
        "id": ""
      }
    },
    {
      "type": "Feature",
      "geometry": {
        "type": "Point",
        "coordinates": [
          11.034910627970547,
          59.26391940061718
        ]
      },
      "properties": {
        "name": "Greåker",
        "eier": "ELVIA AS",
        "spenning_kV": 47,
        "id": ""
      }
    },
    {
      "type": "Feature",
      "geometry": {
        "type": "Point",
        "coordinates": [
          10.907933634270464,
          59.95413271995403
        ]
      },
      "properties": {
        "name": "Haugenstua",
        "eier": "ELVIA AS",
        "spenning_kV": 47,
        "id": ""
      }
    },
    {
      "type": "Feature",
      "geometry": {
        "type": "Point",
        "coordinates": [
          11.043086365174451,
          60.00913242632263
        ]
      },
      "properties": {
        "name": "Skedsmokorset",
        "eier": "ELVIA AS",
        "spenning_kV": 66,
        "id": ""
      }
    },
    {
      "type": "Feature",
      "geometry": {
        "type": "Point",
        "coordinates": [
          10.55812567018445,
          59.90367962498783
        ]
      },
      "properties": {
        "name": "Blommenholm",
        "eier": "ELVIA AS",
        "spenning_kV": 47,
        "id": ""
      }
    },
    {
      "type": "Feature",
      "geometry": {
        "type": "Point",
        "coordinates": [
          10.499625016878877,
          59.89597453150276
        ]
      },
      "properties": {
        "name": "Bjørnegård",
        "eier": "ELVIA AS",
        "spenning_kV": 47,
        "id": ""
      }
    },
    {
      "type": "Feature",
      "geometry": {
        "type": "Point",
        "coordinates": [
          10.521601366945703,
          59.89648489935205
        ]
      },
      "properties": {
        "name": "Sandvika",
        "eier": "ELVIA AS",
        "spenning_kV": 47,
        "id": ""
      }
    },
    {
      "type": "Feature",
      "geometry": {
        "type": "Point",
        "coordinates": [
          10.658355490429027,
          59.963784757147096
        ]
      },
      "properties": {
        "name": "Voksenlia",
        "eier": "ELVIA AS",
        "spenning_kV": 47,
        "id": ""
      }
    },
    {
      "type": "Feature",
      "geometry": {
        "type": "Point",
        "coordinates": [
          10.719977677182593,
          59.91288116952068
        ]
      },
      "properties": {
        "name": "Solli",
        "eier": "ELVIA AS",
        "spenning_kV": 132,
        "id": ""
      }
    },
    {
      "type": "Feature",
      "geometry": {
        "type": "Point",
        "coordinates": [
          10.689061203519769,
          59.91988653675374
        ]
      },
      "properties": {
        "name": "Skøyen",
        "eier": "ELVIA AS",
        "spenning_kV": 132,
        "id": ""
      }
    },
    {
      "type": "Feature",
      "geometry": {
        "type": "Point",
        "coordinates": [
          10.791213280809192,
          59.26711270739534
        ]
      },
      "properties": {
        "name": "Fjærå",
        "eier": "ELVIA AS",
        "spenning_kV": 47,
        "id": ""
      }
    },
    {
      "type": "Feature",
      "geometry": {
        "type": "Point",
        "coordinates": [
          10.848258205874197,
          59.92041890396492
        ]
      },
      "properties": {
        "name": "Tveten",
        "eier": "ELVIA AS",
        "spenning_kV": 47,
        "id": ""
      }
    },
    {
      "type": "Feature",
      "geometry": {
        "type": "Point",
        "coordinates": [
          10.917165308691885,
          59.96798943067846
        ]
      },
      "properties": {
        "name": "Tokerud",
        "eier": "ELVIA AS",
        "spenning_kV": 47,
        "id": ""
      }
    },
    {
      "type": "Feature",
      "geometry": {
        "type": "Point",
        "coordinates": [
          11.146320954980254,
          59.58562272845977
        ]
      },
      "properties": {
        "name": "Tornerud",
        "eier": "ELVIA AS",
        "spenning_kV": 47,
        "id": ""
      }
    },
    {
      "type": "Feature",
      "geometry": {
        "type": "Point",
        "coordinates": [
          10.79644309756159,
          59.93840528685395
        ]
      },
      "properties": {
        "name": "Tonsen",
        "eier": "ELVIA AS",
        "spenning_kV": 47,
        "id": ""
      }
    },
    {
      "type": "Feature",
      "geometry": {
        "type": "Point",
        "coordinates": [
          11.232262441866045,
          60.389966667634866
        ]
      },
      "properties": {
        "name": "Minnesund",
        "eier": "ELVIA AS",
        "spenning_kV": 66,
        "id": ""
      }
    },
    {
      "type": "Feature",
      "geometry": {
        "type": "Point",
        "coordinates": [
          10.843671610171171,
          59.7605061027909
        ]
      },
      "properties": {
        "name": "Vevelstad",
        "eier": "ELVIA AS",
        "spenning_kV": 47,
        "id": ""
      }
    },
    {
      "type": "Feature",
      "geometry": {
        "type": "Point",
        "coordinates": [
          10.89459372176331,
          59.683735441899294
        ]
      },
      "properties": {
        "name": "Kråkstad",
        "eier": "ELVIA AS",
        "spenning_kV": 47,
        "id": ""
      }
    },
    {
      "type": "Feature",
      "geometry": {
        "type": "Point",
        "coordinates": [
          10.793691210301917,
          59.930034489567774
        ]
      },
      "properties": {
        "name": "Løren",
        "eier": "ELVIA AS",
        "spenning_kV": 47,
        "id": ""
      }
    },
    {
      "type": "Feature",
      "geometry": {
        "type": "Point",
        "coordinates": [
          10.640814059875035,
          59.9216397571819
        ]
      },
      "properties": {
        "name": "Lilleaker",
        "eier": "ELVIA AS",
        "spenning_kV": 47,
        "id": ""
      }
    },
    {
      "type": "Feature",
      "geometry": {
        "type": "Point",
        "coordinates": [
          11.191455751616148,
          60.24717003987155
        ]
      },
      "properties": {
        "name": "Dal",
        "eier": "ELVIA AS",
        "spenning_kV": 66,
        "id": ""
      }
    },
    {
      "type": "Feature",
      "geometry": {
        "type": "Point",
        "coordinates": [
          10.980216237728252,
          59.939737529715735
        ]
      },
      "properties": {
        "name": "Fjellhamar",
        "eier": "ELVIA AS",
        "spenning_kV": 47,
        "id": ""
      }
    },
    {
      "type": "Feature",
      "geometry": {
        "type": "Point",
        "coordinates": [
          10.50057418727538,
          59.943029189896116
        ]
      },
      "properties": {
        "name": "Bærums Verk",
        "eier": "ELVIA AS",
        "spenning_kV": 47,
        "id": ""
      }
    },
    {
      "type": "Feature",
      "geometry": {
        "type": "Point",
        "coordinates": [
          10.689024888426626,
          59.80633493041083
        ]
      },
      "properties": {
        "name": "Nystuen",
        "eier": "ELVIA AS",
        "spenning_kV": 47,
        "id": ""
      }
    },
    {
      "type": "Feature",
      "geometry": {
        "type": "Point",
        "coordinates": [
          10.754694620122608,
          59.667156745453994
        ]
      },
      "properties": {
        "name": "Ås",
        "eier": "ELVIA AS",
        "spenning_kV": 47,
        "id": ""
      }
    },
    {
      "type": "Feature",
      "geometry": {
        "type": "Point",
        "coordinates": [
          10.735687034545796,
          59.527541464063574
        ]
      },
      "properties": {
        "name": "Såner 1",
        "eier": "ELVIA AS",
        "spenning_kV": 47,
        "id": ""
      }
    },
    {
      "type": "Feature",
      "geometry": {
        "type": "Point",
        "coordinates": [
          11.329678655460773,
          59.42735525456282
        ]
      },
      "properties": {
        "name": "Mjørud",
        "eier": "ELVIA AS",
        "spenning_kV": 47,
        "id": ""
      }
    },
    {
      "type": "Feature",
      "geometry": {
        "type": "Point",
        "coordinates": [
          10.791722372205399,
          59.87261996885687
        ]
      },
      "properties": {
        "name": "Kastellet",
        "eier": "ELVIA AS",
        "spenning_kV": 47,
        "id": ""
      }
    },
    {
      "type": "Feature",
      "geometry": {
        "type": "Point",
        "coordinates": [
          10.67077945632277,
          59.84444863355734
        ]
      },
      "properties": {
        "name": "Tangen",
        "eier": "ELVIA AS",
        "spenning_kV": 47,
        "id": ""
      }
    },
    {
      "type": "Feature",
      "geometry": {
        "type": "Point",
        "coordinates": [
          11.125569551174841,
          59.26457575704283
        ]
      },
      "properties": {
        "name": "K-H",
        "eier": "ELVIA AS",
        "spenning_kV": 47,
        "id": ""
      }
    },
    {
      "type": "Feature",
      "geometry": {
        "type": "Point",
        "coordinates": [
          11.65253832129307,
          59.480501056268054
        ]
      },
      "properties": {
        "name": "Ørje",
        "eier": "ELVIA AS",
        "spenning_kV": 47,
        "id": ""
      }
    },
    {
      "type": "Feature",
      "geometry": {
        "type": "Point",
        "coordinates": [
          10.735802824736675,
          59.90992885122392
        ]
      },
      "properties": {
        "name": "Pipervika",
        "eier": "ELVIA AS",
        "spenning_kV": 132,
        "id": ""
      }
    },
    {
      "type": "Feature",
      "geometry": {
        "type": "Point",
        "coordinates": [
          10.87846854856118,
          59.936402198517634
        ]
      },
      "properties": {
        "name": "Leirdal",
        "eier": "ELVIA AS",
        "spenning_kV": 47,
        "id": ""
      }
    },
    {
      "type": "Feature",
      "geometry": {
        "type": "Point",
        "coordinates": [
          10.837194431966061,
          59.83924420313268
        ]
      },
      "properties": {
        "name": "Klemetsrud",
        "eier": "ELVIA AS",
        "spenning_kV": 47,
        "id": ""
      }
    },
    {
      "type": "Feature",
      "geometry": {
        "type": "Point",
        "coordinates": [
          10.742020578590651,
          59.38144700626618
        ]
      },
      "properties": {
        "name": "Halmstad",
        "eier": "ELVIA AS",
        "spenning_kV": 47,
        "id": ""
      }
    },
    {
      "type": "Feature",
      "geometry": {
        "type": "Point",
        "coordinates": [
          11.04944187021511,
          59.96361381016715
        ]
      },
      "properties": {
        "name": "Vestbygata",
        "eier": "ELVIA AS",
        "spenning_kV": 66,
        "id": ""
      }
    },
    {
      "type": "Feature",
      "geometry": {
        "type": "Point",
        "coordinates": [
          10.956040333230632,
          59.92645846874562
        ]
      },
      "properties": {
        "name": "Solheim",
        "eier": "ELVIA AS",
        "spenning_kV": 47,
        "id": ""
      }
    },
    {
      "type": "Feature",
      "geometry": {
        "type": "Point",
        "coordinates": [
          11.050989856425778,
          60.19356553525357
        ]
      },
      "properties": {
        "name": "Garder",
        "eier": "ELVIA AS",
        "spenning_kV": 66,
        "id": ""
      }
    },
    {
      "type": "Feature",
      "geometry": {
        "type": "Point",
        "coordinates": [
          11.150039737258222,
          59.244164682492205
        ]
      },
      "properties": {
        "name": "Navestad",
        "eier": "ELVIA AS",
        "spenning_kV": 47,
        "id": ""
      }
    },
    {
      "type": "Feature",
      "geometry": {
        "type": "Point",
        "coordinates": [
          10.769192583125893,
          59.92330252483895
        ]
      },
      "properties": {
        "name": "Rodeløkka",
        "eier": "ELVIA AS",
        "spenning_kV": 132,
        "id": ""
      }
    },
    {
      "type": "Feature",
      "geometry": {
        "type": "Point",
        "coordinates": [
          11.081858402767164,
          59.99288263928221
        ]
      },
      "properties": {
        "name": "Leirsund",
        "eier": "ELVIA AS",
        "spenning_kV": 66,
        "id": ""
      }
    },
    {
      "type": "Feature",
      "geometry": {
        "type": "Point",
        "coordinates": [
          10.770350547798962,
          59.9335056892028
        ]
      },
      "properties": {
        "name": "Torshov",
        "eier": "ELVIA AS",
        "spenning_kV": 132,
        "id": ""
      }
    },
    {
      "type": "Feature",
      "geometry": {
        "type": "Point",
        "coordinates": [
          10.70428934432139,
          59.94857022549356
        ]
      },
      "properties": {
        "name": "Ris",
        "eier": "ELVIA AS",
        "spenning_kV": 132,
        "id": ""
      }
    },
    {
      "type": "Feature",
      "geometry": {
        "type": "Point",
        "coordinates": [
          10.755704726468872,
          59.943317874399156
        ]
      },
      "properties": {
        "name": "Sagene",
        "eier": "ELVIA AS",
        "spenning_kV": 132,
        "id": ""
      }
    },
    {
      "type": "Feature",
      "geometry": {
        "type": "Point",
        "coordinates": [
          11.184888464626914,
          59.57625026582657
        ]
      },
      "properties": {
        "name": "Jahren",
        "eier": "ELVIA AS",
        "spenning_kV": 47,
        "id": ""
      }
    },
    {
      "type": "Feature",
      "geometry": {
        "type": "Point",
        "coordinates": [
          10.828368194014072,
          59.871479665940036
        ]
      },
      "properties": {
        "name": "Lambertseter",
        "eier": "ELVIA AS",
        "spenning_kV": 47,
        "id": ""
      }
    },
    {
      "type": "Feature",
      "geometry": {
        "type": "Point",
        "coordinates": [
          11.077429716354589,
          60.43336420191959
        ]
      },
      "properties": {
        "name": "Hurdal",
        "eier": "ELVIA AS",
        "spenning_kV": 132,
        "id": ""
      }
    },
    {
      "type": "Feature",
      "geometry": {
        "type": "Point",
        "coordinates": [
          11.101658694833526,
          59.2732744634418
        ]
      },
      "properties": {
        "name": "St.Halvard",
        "eier": "ELVIA AS",
        "spenning_kV": 47,
        "id": ""
      }
    },
    {
      "type": "Feature",
      "geometry": {
        "type": "Point",
        "coordinates": [
          11.300464091026711,
          59.63830532756117
        ]
      },
      "properties": {
        "name": "Trøgstad",
        "eier": "ELVIA AS",
        "spenning_kV": 47,
        "id": ""
      }
    },
    {
      "type": "Feature",
      "geometry": {
        "type": "Point",
        "coordinates": [
          10.888994717435196,
          60.07623338668535
        ]
      },
      "properties": {
        "name": "Strøm",
        "eier": "ELVIA AS",
        "spenning_kV": 66,
        "id": ""
      }
    },
    {
      "type": "Feature",
      "geometry": {
        "type": "Point",
        "coordinates": [
          11.062510184152444,
          59.94818605863448
        ]
      },
      "properties": {
        "name": "Lillestrøm",
        "eier": "ELVIA AS",
        "spenning_kV": 47,
        "id": ""
      }
    },
    {
      "type": "Feature",
      "geometry": {
        "type": "Point",
        "coordinates": [
          11.16691694734822,
          59.47810262476604
        ]
      },
      "properties": {
        "name": "Skiptvet",
        "eier": "ELVIA AS",
        "spenning_kV": 47,
        "id": ""
      }
    },
    {
      "type": "Feature",
      "geometry": {
        "type": "Point",
        "coordinates": [
          10.845766605853722,
          59.89894811963593
        ]
      },
      "properties": {
        "name": "Oppsal",
        "eier": "ELVIA AS",
        "spenning_kV": 47,
        "id": ""
      }
    },
    {
      "type": "Feature",
      "geometry": {
        "type": "Point",
        "coordinates": [
          10.871362364941975,
          59.9607240411734
        ]
      },
      "properties": {
        "name": "Ammerud",
        "eier": "ELVIA AS",
        "spenning_kV": 47,
        "id": ""
      }
    },
    {
      "type": "Feature",
      "geometry": {
        "type": "Point",
        "coordinates": [
          10.738835701455292,
          59.96200252774246
        ]
      },
      "properties": {
        "name": "Kringsjå",
        "eier": "ELVIA AS",
        "spenning_kV": 47,
        "id": ""
      }
    },
    {
      "type": "Feature",
      "geometry": {
        "type": "Point",
        "coordinates": [
          10.849841989992333,
          59.9278722812225
        ]
      },
      "properties": {
        "name": "Alnabru",
        "eier": "ELVIA AS",
        "spenning_kV": 47,
        "id": ""
      }
    },
    {
      "type": "Feature",
      "geometry": {
        "type": "Point",
        "coordinates": [
          11.153697489353743,
          60.074179921043346
        ]
      },
      "properties": {
        "name": "Gotland",
        "eier": "ELVIA AS",
        "spenning_kV": 66,
        "id": ""
      }
    },
    {
      "type": "Feature",
      "geometry": {
        "type": "Point",
        "coordinates": [
          11.157117972619211,
          60.14326483099849
        ]
      },
      "properties": {
        "name": "Gjestad",
        "eier": "ELVIA AS",
        "spenning_kV": 66,
        "id": ""
      }
    },
    {
      "type": "Feature",
      "geometry": {
        "type": "Point",
        "coordinates": [
          10.609498053186941,
          59.94524816503802
        ]
      },
      "properties": {
        "name": "Eiksmarka",
        "eier": "ELVIA AS",
        "spenning_kV": 47,
        "id": ""
      }
    },
    {
      "type": "Feature",
      "geometry": {
        "type": "Point",
        "coordinates": [
          10.824083695978285,
          59.71441626746875
        ]
      },
      "properties": {
        "name": "Finstad",
        "eier": "ELVIA AS",
        "spenning_kV": 47,
        "id": ""
      }
    },
    {
      "type": "Feature",
      "geometry": {
        "type": "Point",
        "coordinates": [
          10.742368876020947,
          59.61075457749392
        ]
      },
      "properties": {
        "name": "Vestby",
        "eier": "ELVIA AS",
        "spenning_kV": 47,
        "id": ""
      }
    },
    {
      "type": "Feature",
      "geometry": {
        "type": "Point",
        "coordinates": [
          11.261811974335584,
          59.86498925608647
        ]
      },
      "properties": {
        "name": "Gansdalen",
        "eier": "ELVIA AS",
        "spenning_kV": 66,
        "id": ""
      }
    },
    {
      "type": "Feature",
      "geometry": {
        "type": "Point",
        "coordinates": [
          11.47225000622009,
          60.12055312974561
        ]
      },
      "properties": {
        "name": "Årnes",
        "eier": "ELVIA AS",
        "spenning_kV": 66,
        "id": ""
      }
    },
    {
      "type": "Feature",
      "geometry": {
        "type": "Point",
        "coordinates": [
          10.938479342700086,
          59.07578033367146
        ]
      },
      "properties": {
        "name": "Hvaler",
        "eier": "ELVIA AS",
        "spenning_kV": 47,
        "id": ""
      }
    },
    {
      "type": "Feature",
      "geometry": {
        "type": "Point",
        "coordinates": [
          10.455026130503143,
          59.793722476935834
        ]
      },
      "properties": {
        "name": "Heggedal",
        "eier": "ELVIA AS",
        "spenning_kV": 132,
        "id": ""
      }
    },
    {
      "type": "Feature",
      "geometry": {
        "type": "Point",
        "coordinates": [
          11.473434572669992,
          59.92743580622511
        ]
      },
      "properties": {
        "name": "Aurskog",
        "eier": "ELVIA AS",
        "spenning_kV": 66,
        "id": ""
      }
    },
    {
      "type": "Feature",
      "geometry": {
        "type": "Point",
        "coordinates": [
          11.166456779859363,
          60.17832648107244
        ]
      },
      "properties": {
        "name": "Hovinmoen",
        "eier": "ELVIA AS",
        "spenning_kV": 66,
        "id": ""
      }
    },
    {
      "type": "Feature",
      "geometry": {
        "type": "Point",
        "coordinates": [
          10.759353235245447,
          59.913976581923286
        ]
      },
      "properties": {
        "name": "Grønland",
        "eier": "ELVIA AS",
        "spenning_kV": 132,
        "id": ""
      }
    },
    {
      "type": "Feature",
      "geometry": {
        "type": "Point",
        "coordinates": [
          10.49371305002731,
          59.9108000917979
        ]
      },
      "properties": {
        "name": "Rud",
        "eier": "ELVIA AS",
        "spenning_kV": 47,
        "id": ""
      }
    },
    {
      "type": "Feature",
      "geometry": {
        "type": "Point",
        "coordinates": [
          10.89717576744353,
          59.94726258184948
        ]
      },
      "properties": {
        "name": "Granstangen",
        "eier": "ELVIA AS",
        "spenning_kV": 47,
        "id": ""
      }
    },
    {
      "type": "Feature",
      "geometry": {
        "type": "Point",
        "coordinates": [
          10.997925872941199,
          59.93379058283531
        ]
      },
      "properties": {
        "name": "Nordbyhagen",
        "eier": "ELVIA AS",
        "spenning_kV": 47,
        "id": ""
      }
    },
    {
      "type": "Feature",
      "geometry": {
        "type": "Point",
        "coordinates": [
          10.781512778618776,
          59.72113423616036
        ]
      },
      "properties": {
        "name": "Nordby",
        "eier": "ELVIA AS",
        "spenning_kV": 47,
        "id": ""
      }
    },
    {
      "type": "Feature",
      "geometry": {
        "type": "Point",
        "coordinates": [
          11.409398869086765,
          59.12152771874362
        ]
      },
      "properties": {
        "name": "Gyldenløve",
        "eier": "ELVIA AS",
        "spenning_kV": 47,
        "id": ""
      }
    },
    {
      "type": "Feature",
      "geometry": {
        "type": "Point",
        "coordinates": [
          11.376243026836907,
          59.127809431073146
        ]
      },
      "properties": {
        "name": "Stangeberget",
        "eier": "ELVIA AS",
        "spenning_kV": 47,
        "id": ""
      }
    },
    {
      "type": "Feature",
      "geometry": {
        "type": "Point",
        "coordinates": [
          11.008206794592382,
          59.23732597118471
        ]
      },
      "properties": {
        "name": "Sandem",
        "eier": "ELVIA AS",
        "spenning_kV": 47,
        "id": ""
      }
    },
    {
      "type": "Feature",
      "geometry": {
        "type": "Point",
        "coordinates": [
          10.906663206078255,
          59.96115858776589
        ]
      },
      "properties": {
        "name": "Rommen",
        "eier": "ELVIA AS",
        "spenning_kV": 47,
        "id": ""
      }
    },
    {
      "type": "Feature",
      "geometry": {
        "type": "Point",
        "coordinates": [
          11.19037342445908,
          59.354424690655804
        ]
      },
      "properties": {
        "name": "Varteig",
        "eier": "ELVIA AS",
        "spenning_kV": 47,
        "id": ""
      }
    },
    {
      "type": "Feature",
      "geometry": {
        "type": "Point",
        "coordinates": [
          11.181285527246331,
          59.279648861196875
        ]
      },
      "properties": {
        "name": "Kampenes",
        "eier": "ELVIA AS",
        "spenning_kV": 47,
        "id": ""
      }
    },
    {
      "type": "Feature",
      "geometry": {
        "type": "Point",
        "coordinates": [
          10.828843398122551,
          59.92665386623173
        ]
      },
      "properties": {
        "name": "Haraldrud",
        "eier": "ELVIA AS",
        "spenning_kV": 47,
        "id": ""
      }
    },
    {
      "type": "Feature",
      "geometry": {
        "type": "Point",
        "coordinates": [
          10.629153924550296,
          59.91941934957827
        ]
      },
      "properties": {
        "name": "Jar",
        "eier": "ELVIA AS",
        "spenning_kV": 47,
        "id": ""
      }
    },
    {
      "type": "Feature",
      "geometry": {
        "type": "Point",
        "coordinates": [
          11.317209321201018,
          59.12057896344564
        ]
      },
      "properties": {
        "name": "Isebakke",
        "eier": "ELVIA AS",
        "spenning_kV": 47,
        "id": ""
      }
    },
    {
      "type": "Feature",
      "geometry": {
        "type": "Point",
        "coordinates": [
          11.002491935638634,
          59.94209454026722
        ]
      },
      "properties": {
        "name": "Strømmen",
        "eier": "ELVIA AS",
        "spenning_kV": 47,
        "id": ""
      }
    },
    {
      "type": "Feature",
      "geometry": {
        "type": "Point",
        "coordinates": [
          10.5743289414426,
          59.90502969375124
        ]
      },
      "properties": {
        "name": "Ballerud",
        "eier": "ELVIA AS",
        "spenning_kV": 47,
        "id": ""
      }
    },
    {
      "type": "Feature",
      "geometry": {
        "type": "Point",
        "coordinates": [
          10.851031357274987,
          59.71421275555785
        ]
      },
      "properties": {
        "name": "Drømtorp",
        "eier": "ELVIA AS",
        "spenning_kV": 47,
        "id": ""
      }
    },
    {
      "type": "Feature",
      "geometry": {
        "type": "Point",
        "coordinates": [
          10.955458463724417,
          59.19198926718027
        ]
      },
      "properties": {
        "name": "Øra",
        "eier": "ELVIA AS",
        "spenning_kV": 47,
        "id": ""
      }
    },
    {
      "type": "Feature",
      "geometry": {
        "type": "Point",
        "coordinates": [
          10.910547252441326,
          59.775980964756215
        ]
      },
      "properties": {
        "name": "Bru",
        "eier": "ELVIA AS",
        "spenning_kV": 47,
        "id": ""
      }
    },
    {
      "type": "Feature",
      "geometry": {
        "type": "Point",
        "coordinates": [
          11.088218824522986,
          59.27514225693552
        ]
      },
      "properties": {
        "name": "Alvim",
        "eier": "ELVIA AS",
        "spenning_kV": 47,
        "id": ""
      }
    },
    {
      "type": "Feature",
      "geometry": {
        "type": "Point",
        "coordinates": [
          10.900089602894884,
          59.23098202878045
        ]
      },
      "properties": {
        "name": "Ørebekk",
        "eier": "ELVIA AS",
        "spenning_kV": 47,
        "id": ""
      }
    },
    {
      "type": "Feature",
      "geometry": {
        "type": "Point",
        "coordinates": [
          10.738035260080252,
          59.91248044154128
        ]
      },
      "properties": {
        "name": "Prestegata",
        "eier": "ELVIA AS",
        "spenning_kV": 132,
        "id": ""
      }
    },
    {
      "type": "Feature",
      "geometry": {
        "type": "Point",
        "coordinates": [
          10.93580268154468,
          59.22613669240271
        ]
      },
      "properties": {
        "name": "Oredalen",
        "eier": "ELVIA AS",
        "spenning_kV": 47,
        "id": ""
      }
    },
    {
      "type": "Feature",
      "geometry": {
        "type": "Point",
        "coordinates": [
          11.048342277449677,
          59.94229926731723
        ]
      },
      "properties": {
        "name": "Rælingen",
        "eier": "ELVIA AS",
        "spenning_kV": 47,
        "id": ""
      }
    },
    {
      "type": "Feature",
      "geometry": {
        "type": "Point",
        "coordinates": [
          10.921403862482963,
          60.00980763718672
        ]
      },
      "properties": {
        "name": "Slattum",
        "eier": "ELVIA AS",
        "spenning_kV": 66,
        "id": ""
      }
    },
    {
      "type": "Feature",
      "geometry": {
        "type": "Point",
        "coordinates": [
          10.715298079391312,
          59.93289351184615
        ]
      },
      "properties": {
        "name": "Majorstua",
        "eier": "ELVIA AS",
        "spenning_kV": 132,
        "id": ""
      }
    },
    {
      "type": "Feature",
      "geometry": {
        "type": "Point",
        "coordinates": [
          10.770937551978552,
          59.88668769455248
        ]
      },
      "properties": {
        "name": "Bekkelaget",
        "eier": "ELVIA AS",
        "spenning_kV": 47,
        "id": ""
      }
    },
    {
      "type": "Feature",
      "geometry": {
        "type": "Point",
        "coordinates": [
          11.057251668775683,
          59.294257137878525
        ]
      },
      "properties": {
        "name": "Grålum",
        "eier": "ELVIA AS",
        "spenning_kV": 47,
        "id": ""
      }
    },
    {
      "type": "Feature",
      "geometry": {
        "type": "Point",
        "coordinates": [
          10.672516764872318,
          59.43634705639569
        ]
      },
      "properties": {
        "name": "Moss",
        "eier": "ELVIA AS",
        "spenning_kV": 47,
        "id": ""
      }
    },
    {
      "type": "Feature",
      "geometry": {
        "type": "Point",
        "coordinates": [
          11.021753171980444,
          59.95302251617537
        ]
      },
      "properties": {
        "name": "Stalsberg",
        "eier": "ELVIA AS",
        "spenning_kV": 47,
        "id": ""
      }
    },
    {
      "type": "Feature",
      "geometry": {
        "type": "Point",
        "coordinates": [
          10.994206957067279,
          59.96531341389218
        ]
      },
      "properties": {
        "name": "Skjetten",
        "eier": "ELVIA AS",
        "spenning_kV": 47,
        "id": ""
      }
    },
    {
      "type": "Feature",
      "geometry": {
        "type": "Point",
        "coordinates": [
          10.418630137202932,
          59.82820470343656
        ]
      },
      "properties": {
        "name": "Borgen",
        "eier": "ELVIA AS",
        "spenning_kV": 132,
        "id": ""
      }
    },
    {
      "type": "Feature",
      "geometry": {
        "type": "Point",
        "coordinates": [
          11.05252236480422,
          59.722660908871966
        ]
      },
      "properties": {
        "name": "Enebakk",
        "eier": "ELVIA AS",
        "spenning_kV": 47,
        "id": ""
      }
    },
    {
      "type": "Feature",
      "geometry": {
        "type": "Point",
        "coordinates": [
          10.936013664503166,
          59.20651524887029
        ]
      },
      "properties": {
        "name": "Kråkerøy",
        "eier": "ELVIA AS",
        "spenning_kV": 47,
        "id": ""
      }
    },
    {
      "type": "Feature",
      "geometry": {
        "type": "Point",
        "coordinates": [
          11.224147224111043,
          59.96237699712392
        ]
      },
      "properties": {
        "name": "Lystad",
        "eier": "ELVIA AS",
        "spenning_kV": 66,
        "id": ""
      }
    },
    {
      "type": "Feature",
      "geometry": {
        "type": "Point",
        "coordinates": [
          10.575190731932464,
          59.923435902451125
        ]
      },
      "properties": {
        "name": "Haslum",
        "eier": "ELVIA AS",
        "spenning_kV": 47,
        "id": ""
      }
    },
    {
      "type": "Feature",
      "geometry": {
        "type": "Point",
        "coordinates": [
          10.78966460923083,
          59.96475183785284
        ]
      },
      "properties": {
        "name": "Kjelsås",
        "eier": "ELVIA AS",
        "spenning_kV": 47,
        "id": ""
      }
    },
    {
      "type": "Feature",
      "geometry": {
        "type": "Point",
        "coordinates": [
          10.668026304851889,
          59.67473364376994
        ]
      },
      "properties": {
        "name": "Dyrløkke",
        "eier": "ELVIA AS",
        "spenning_kV": 47,
        "id": ""
      }
    },
    {
      "type": "Feature",
      "geometry": {
        "type": "Point",
        "coordinates": [
          10.691818272754844,
          59.40116793049078
        ]
      },
      "properties": {
        "name": "Rygge",
        "eier": "ELVIA AS",
        "spenning_kV": 47,
        "id": ""
      }
    },
    {
      "type": "Feature",
      "geometry": {
        "type": "Point",
        "coordinates": [
          11.201025151393628,
          59.98417830944552
        ]
      },
      "properties": {
        "name": "Hammeren",
        "eier": "ELVIA AS",
        "spenning_kV": 66,
        "id": ""
      }
    },
    {
      "type": "Feature",
      "geometry": {
        "type": "Point",
        "coordinates": [
          10.76221802234397,
          59.52493299433763
        ]
      },
      "properties": {
        "name": "Såner 2",
        "eier": "ELVIA AS",
        "spenning_kV": 47,
        "id": ""
      }
    },
    {
      "type": "Feature",
      "geometry": {
        "type": "Point",
        "coordinates": [
          10.647291676900217,
          59.948116807512406
        ]
      },
      "properties": {
        "name": "Røa",
        "eier": "ELVIA AS",
        "spenning_kV": 47,
        "id": ""
      }
    },
    {
      "type": "Feature",
      "geometry": {
        "type": "Point",
        "coordinates": [
          10.668619401654883,
          59.93455952125005
        ]
      },
      "properties": {
        "name": "Montebello",
        "eier": "ELVIA AS",
        "spenning_kV": 132,
        "id": ""
      }
    },
    {
      "type": "Feature",
      "geometry": {
        "type": "Point",
        "coordinates": [
          10.84721846981959,
          59.87680329819209
        ]
      },
      "properties": {
        "name": "Bøler",
        "eier": "ELVIA AS",
        "spenning_kV": 47,
        "id": ""
      }
    },
    {
      "type": "Feature",
      "geometry": {
        "type": "Point",
        "coordinates": [
          10.715446898040907,
          59.92264717133539
        ]
      },
      "properties": {
        "name": "Briskeby",
        "eier": "ELVIA AS",
        "spenning_kV": 132,
        "id": ""
      }
    },
    {
      "type": "Feature",
      "geometry": {
        "type": "Point",
        "coordinates": [
          10.781880387266215,
          59.90817073614657
        ]
      },
      "properties": {
        "name": "Jordal",
        "eier": "ELVIA AS",
        "spenning_kV": 132,
        "id": ""
      }
    },
    {
      "type": "Feature",
      "geometry": {
        "type": "Point",
        "coordinates": [
          11.56317588523707,
          59.88088019807124
        ]
      },
      "properties": {
        "name": "Bjørkelangen",
        "eier": "ELVIA AS",
        "spenning_kV": 66,
        "id": ""
      }
    },
    {
      "type": "Feature",
      "geometry": {
        "type": "Point",
        "coordinates": [
          11.103190571457263,
          60.18921260164536
        ]
      },
      "properties": {
        "name": "Gran",
        "eier": "ELVIA AS",
        "spenning_kV": 66,
        "id": ""
      }
    },
    {
      "type": "Feature",
      "geometry": {
        "type": "Point",
        "coordinates": [
          11.381341305129933,
          59.140255752794125
        ]
      },
      "properties": {
        "name": "Brødløs",
        "eier": "ELVIA AS",
        "spenning_kV": 47,
        "id": ""
      }
    },
    {
      "type": "Feature",
      "geometry": {
        "type": "Point",
        "coordinates": [
          11.497161627597329,
          59.36014608960878
        ]
      },
      "properties": {
        "name": "Mellegård",
        "eier": "ELVIA AS",
        "spenning_kV": 47,
        "id": ""
      }
    },
    {
      "type": "Feature",
      "geometry": {
        "type": "Point",
        "coordinates": [
          10.990113043708359,
          59.622998695421245
        ]
      },
      "properties": {
        "name": "Melleby",
        "eier": "ELVIA AS",
        "spenning_kV": 47,
        "id": ""
      }
    },
    {
      "type": "Feature",
      "geometry": {
        "type": "Point",
        "coordinates": [
          10.810943607402823,
          59.92155033751215
        ]
      },
      "properties": {
        "name": "Ulven-us",
        "eier": "ELVIA AS",
        "spenning_kV": 132,
        "id": ""
      }
    },
    {
      "type": "Feature",
      "geometry": {
        "type": "Point",
        "coordinates": [
          10.135864320561891,
          61.524374309253595
        ]
      },
      "properties": {
        "name": "Ringebu trafostasjon",
        "eier": "VEVIG AS",
        "spenning_kV": 66,
        "id": ""
      }
    },
    {
      "type": "Feature",
      "geometry": {
        "type": "Point",
        "coordinates": [
          10.300210569272688,
          61.31905497896862
        ]
      },
      "properties": {
        "name": "Moksa Kraftstasjon",
        "eier": "VEVIG AS",
        "spenning_kV": 66,
        "id": ""
      }
    },
    {
      "type": "Feature",
      "geometry": {
        "type": "Point",
        "coordinates": [
          10.291471260413113,
          61.314690479203726
        ]
      },
      "properties": {
        "name": "Tretten trafostasjon",
        "eier": "VEVIG AS",
        "spenning_kV": 66,
        "id": ""
      }
    },
    {
      "type": "Feature",
      "geometry": {
        "type": "Point",
        "coordinates": [
          9.910179640521598,
          61.56615460902758
        ]
      },
      "properties": {
        "name": "Sør-Fron trafostasjon",
        "eier": "VEVIG AS",
        "spenning_kV": 66,
        "id": ""
      }
    },
    {
      "type": "Feature",
      "geometry": {
        "type": "Point",
        "coordinates": [
          9.754223889438254,
          61.59140689909445
        ]
      },
      "properties": {
        "name": "Vinstra trafostasjon",
        "eier": "VEVIG AS",
        "spenning_kV": 66,
        "id": ""
      }
    },
    {
      "type": "Feature",
      "geometry": {
        "type": "Point",
        "coordinates": [
          9.614772790314431,
          61.65516761877688
        ]
      },
      "properties": {
        "name": "Heggerusten trafostasjon",
        "eier": "VEVIG AS",
        "spenning_kV": 66,
        "id": ""
      }
    },
    {
      "type": "Feature",
      "geometry": {
        "type": "Point",
        "coordinates": [
          9.803875659171045,
          61.577381769482905
        ]
      },
      "properties": {
        "name": "Nedre Vinstra",
        "eier": "VEVIG AS",
        "spenning_kV": 66,
        "id": ""
      }
    },
    {
      "type": "Feature",
      "geometry": {
        "type": "Point",
        "coordinates": [
          9.84186422059731,
          61.58152917922443
        ]
      },
      "properties": {
        "name": "Harpefoss",
        "eier": "VEVIG AS",
        "spenning_kV": 66,
        "id": ""
      }
    },
    {
      "type": "Feature",
      "geometry": {
        "type": "Point",
        "coordinates": [
          10.165884539589701,
          61.442191929411784
        ]
      },
      "properties": {
        "name": "Fåvang trafostasjon",
        "eier": "VEVIG AS",
        "spenning_kV": 66,
        "id": ""
      }
    },
    {
      "type": "Feature",
      "geometry": {
        "type": "Point",
        "coordinates": [
          10.424217610581355,
          61.24559942946302
        ]
      },
      "properties": {
        "name": "Rybakken trafostasjon",
        "eier": "VEVIG AS",
        "spenning_kV": 66,
        "id": ""
      }
    },
    {
      "type": "Feature",
      "geometry": {
        "type": "Point",
        "coordinates": [
          7.819158333693606,
          61.05897376709588
        ]
      },
      "properties": {
        "name": "BORGUND TRANSFORMATORSTASJON",
        "eier": "SYGNIR AS",
        "spenning_kV": 66,
        "id": ""
      }
    },
    {
      "type": "Feature",
      "geometry": {
        "type": "Point",
        "coordinates": [
          7.246113089459138,
          61.437212434552784
        ]
      },
      "properties": {
        "name": "FONNDØLA TRANSFORMATORSTASJON",
        "eier": "SYGNIR AS",
        "spenning_kV": 66,
        "id": ""
      }
    },
    {
      "type": "Feature",
      "geometry": {
        "type": "Point",
        "coordinates": [
          7.491143860951226,
          61.09651579655529
        ]
      },
      "properties": {
        "name": "LÆRDAL TRANSFORMATORSTASJON",
        "eier": "SYGNIR AS",
        "spenning_kV": 66,
        "id": ""
      }
    },
    {
      "type": "Feature",
      "geometry": {
        "type": "Point",
        "coordinates": [
          7.303393240437525,
          60.86187699820723
        ]
      },
      "properties": {
        "name": "SITJANDE TRANSFORMATORSTASJON",
        "eier": "SYGNIR AS",
        "spenning_kV": 66,
        "id": ""
      }
    },
    {
      "type": "Feature",
      "geometry": {
        "type": "Point",
        "coordinates": [
          7.156793506118577,
          61.27689685665911
        ]
      },
      "properties": {
        "name": "ÅRØY TRANSFORMATORSTASJON",
        "eier": "SYGNIR AS",
        "spenning_kV": 66,
        "id": ""
      }
    },
    {
      "type": "Feature",
      "geometry": {
        "type": "Point",
        "coordinates": [
          6.706336264425449,
          61.20447576509892
        ]
      },
      "properties": {
        "name": "LEIKANGER TRANSFORMATORSTASJON",
        "eier": "SYGNIR AS",
        "spenning_kV": 132,
        "id": ""
      }
    },
    {
      "type": "Feature",
      "geometry": {
        "type": "Point",
        "coordinates": [
          7.180226887370677,
          60.90287144148411
        ]
      },
      "properties": {
        "name": "VANGEN TRANSFORMATORSTASJON",
        "eier": "SYGNIR AS",
        "spenning_kV": 66,
        "id": ""
      }
    },
    {
      "type": "Feature",
      "geometry": {
        "type": "Point",
        "coordinates": [
          7.228724797613347,
          61.20035211725508
        ]
      },
      "properties": {
        "name": "KAUPANGER TRANSFORMATORSTASJON",
        "eier": "SYGNIR AS",
        "spenning_kV": 66,
        "id": ""
      }
    },
    {
      "type": "Feature",
      "geometry": {
        "type": "Point",
        "coordinates": [
          6.755190036383035,
          61.21568040003018
        ]
      },
      "properties": {
        "name": "GRINDSDALEN TRANSFORMATORSTASJON",
        "eier": "SYGNIR AS",
        "spenning_kV": 132,
        "id": ""
      }
    },
    {
      "type": "Feature",
      "geometry": {
        "type": "Point",
        "coordinates": [
          6.71363001263829,
          61.33172765616121
        ]
      },
      "properties": {
        "name": "LIDAL TRANSFORMATORSTASJON",
        "eier": "SYGNIR AS",
        "spenning_kV": 132,
        "id": ""
      }
    },
    {
      "type": "Feature",
      "geometry": {
        "type": "Point",
        "coordinates": [
          7.023948804822685,
          61.219828836198516
        ]
      },
      "properties": {
        "name": "SOGNDAL TRANSFORMATORSTASJON",
        "eier": "SYGNIR AS",
        "spenning_kV": 132,
        "id": ""
      }
    },
    {
      "type": "Feature",
      "geometry": {
        "type": "Point",
        "coordinates": [
          6.593031558749431,
          61.07100181744401
        ]
      },
      "properties": {
        "name": "HOVE TRANSFORMATORSTASJON",
        "eier": "SYGNIR AS",
        "spenning_kV": 66,
        "id": ""
      }
    },
    {
      "type": "Feature",
      "geometry": {
        "type": "Point",
        "coordinates": [
          7.070871480265573,
          61.23071538801267
        ]
      },
      "properties": {
        "name": "KVÅLE TRANSFORMATORSTASJON",
        "eier": "SYGNIR AS",
        "spenning_kV": 66,
        "id": ""
      }
    },
    {
      "type": "Feature",
      "geometry": {
        "type": "Point",
        "coordinates": [
          6.864427626416801,
          61.180378279203815
        ]
      },
      "properties": {
        "name": "NJØS TRANSFORMATORSTASJON",
        "eier": "SYGNIR AS",
        "spenning_kV": 66,
        "id": ""
      }
    },
    {
      "type": "Feature",
      "geometry": {
        "type": "Point",
        "coordinates": [
          6.5553161121216945,
          61.219439140585685
        ]
      },
      "properties": {
        "name": "DRAGSVIK TRANSFORMATORSTASJON",
        "eier": "SYGNIR AS",
        "spenning_kV": 66,
        "id": ""
      }
    },
    {
      "type": "Feature",
      "geometry": {
        "type": "Point",
        "coordinates": [
          8.209570011136835,
          62.91359663234362
        ]
      },
      "properties": {
        "name": "Tingvoll transformatorstasjon inneanlegg",
        "eier": "MELLOM AS",
        "spenning_kV": 66,
        "id": ""
      }
    },
    {
      "type": "Feature",
      "geometry": {
        "type": "Point",
        "coordinates": [
          7.653233116620122,
          62.97979785991605
        ]
      },
      "properties": {
        "name": "Rokset transformatorstasjon inneanlegg",
        "eier": "MELLOM AS",
        "spenning_kV": 66,
        "id": ""
      }
    },
    {
      "type": "Feature",
      "geometry": {
        "type": "Point",
        "coordinates": [
          8.210514517051989,
          63.22246106018653
        ]
      },
      "properties": {
        "name": "Nordheim transformatorstasjon",
        "eier": "MELLOM AS",
        "spenning_kV": 132,
        "id": ""
      }
    },
    {
      "type": "Feature",
      "geometry": {
        "type": "Point",
        "coordinates": [
          8.210656060152228,
          63.222765482766604
        ]
      },
      "properties": {
        "name": "Nordheim fordelingsstasjon",
        "eier": "MELLOM AS",
        "spenning_kV": 66,
        "id": ""
      }
    },
    {
      "type": "Feature",
      "geometry": {
        "type": "Point",
        "coordinates": [
          7.828364208107715,
          63.09224811329362
        ]
      },
      "properties": {
        "name": "Rensvik trafostasjon",
        "eier": "MELLOM AS",
        "spenning_kV": 132,
        "id": ""
      }
    },
    {
      "type": "Feature",
      "geometry": {
        "type": "Point",
        "coordinates": [
          8.530992799395133,
          63.25666066347178
        ]
      },
      "properties": {
        "name": "Gylthalsen transformatorstasjon",
        "eier": "MELLOM AS",
        "spenning_kV": 132,
        "id": ""
      }
    },
    {
      "type": "Feature",
      "geometry": {
        "type": "Point",
        "coordinates": [
          8.003803757531216,
          63.012314576010326
        ]
      },
      "properties": {
        "name": "Øydegard transformatorstasjon",
        "eier": "MELLOM AS",
        "spenning_kV": 66,
        "id": ""
      }
    },
    {
      "type": "Feature",
      "geometry": {
        "type": "Point",
        "coordinates": [
          7.923015826290846,
          63.40664139103805
        ]
      },
      "properties": {
        "name": "Smøla trafostasjon",
        "eier": "MELLOM AS",
        "spenning_kV": 132,
        "id": ""
      }
    },
    {
      "type": "Feature",
      "geometry": {
        "type": "Point",
        "coordinates": [
          7.807599079745083,
          63.10692342328412
        ]
      },
      "properties": {
        "name": "Kristiansund trafostasjon",
        "eier": "MELLOM AS",
        "spenning_kV": 132,
        "id": ""
      }
    },
    {
      "type": "Feature",
      "geometry": {
        "type": "Point",
        "coordinates": [
          7.632148371406106,
          63.04858625361545
        ]
      },
      "properties": {
        "name": "Bruvoll transformatorstasjon",
        "eier": "MELLOM AS",
        "spenning_kV": 66,
        "id": ""
      }
    },
    {
      "type": "Feature",
      "geometry": {
        "type": "Point",
        "coordinates": [
          7.752573899011981,
          63.1099061989311
        ]
      },
      "properties": {
        "name": "Nordlandet trafostasjon",
        "eier": "MELLOM AS",
        "spenning_kV": 132,
        "id": ""
      }
    }
  ]
}
